sku;name;description;price_net;price_gross;vat_rate;currency
WYL-B6-1P;Wyłącznik nadprądowy B6 1P;Wyłącznik nadmiarowo-prądowy, charakterystyka B, prąd znamionowy 6A, 1-biegunowy, zdolność zwarciowa 6kA, montaż na szynie DIN TH35.;100;123;23;PLN
WYL-B6-3P;Wyłącznik nadprądowy B6 3P;Wyłącznik nadmiarowo-prądowy, charakterystyka B, prąd znamionowy 6A, 3-biegunowy, zdolność zwarciowa 6kA, montaż na szynie DIN TH35.;100;123;23;PLN
WYL-B10-1P;Wyłącznik nadprądowy B10 1P;Wyłącznik nadmiarowo-prądowy, charakterystyka B, prąd znamionowy 10A, 1-biegunowy, zdolność zwarciowa 6kA, montaż na szynie DIN TH35.;100;123;23;PLN
WYL-B10-3P;Wyłącznik nadprądowy B10 3P;Wyłącznik nadmiarowo-prądowy, charakterystyka B, prąd znamionowy 10A, 3-biegunowy, zdolność zwarciowa 6kA, montaż na szynie DIN TH35.;100;123;23;PLN
WYL-B13-1P;Wyłącznik nadprądowy B13 1P;Wyłącznik nadmiarowo-prądowy, charakterystyka B, prąd znamionowy 13A, 1-biegunowy, zdolność zwarciowa 6kA, montaż na szynie DIN TH35.;100;123;23;PLN
WYL-B13-3P;Wyłącznik nadprądowy B13 3P;Wyłącznik nadmiarowo-prądowy, charakterystyka B, prąd znamionowy 13A, 3-biegunowy, zdolność zwarciowa 6kA, montaż na szynie DIN TH35.;100;123;23;PLN
WYL-B16-1P;Wyłącznik nadprądowy B16 1P;Wyłącznik nadmiarowo-prądowy, charakterystyka B, prąd znamionowy 16A, 1-biegunowy, zdolność zwarciowa 6kA, montaż na szynie DIN TH35.;100;123;23;PLN
WYL-B16-3P;Wyłącznik nadprądowy B16 3P;Wyłącznik nadmiarowo-prądowy, charakterystyka B, prąd znamionowy 16A, 3-biegunowy, zdolność zwarciowa 6kA, montaż na szynie DIN TH35.;100;123;23;PLN
WYL-B20-1P;Wyłącznik nadprądowy B20 1P;Wyłącznik nadmiarowo-prądowy, charakterystyka B, prąd znamionowy 20A, 1-biegunowy, zdolność zwarciowa 6kA, montaż na szynie DIN TH35.;100;123;23;PLN
WYL-B20-3P;Wyłącznik nadprądowy B20 3P;Wyłącznik nadmiarowo-prądowy, charakterystyka B, prąd znamionowy 20A, 3-biegunowy, zdolność zwarciowa 6kA, montaż na szynie DIN TH35.;100;123;23;PLN
WYL-B25-1P;Wyłącznik nadprądowy B25 1P;Wyłącznik nadmiarowo-prądowy, charakterystyka B, prąd znamionowy 25A, 1-biegunowy, zdolność zwarciowa 6kA, montaż na szynie DIN TH35.;100;123;23;PLN
WYL-B25-3P;Wyłącznik nadprądowy B25 3P;Wyłącznik nadmiarowo-prądowy, charakterystyka B, prąd znamionowy 25A, 3-biegunowy, zdolność zwarciowa 6kA, montaż na szynie DIN TH35.;100;123;23;PLN
WYL-B32-1P;Wyłącznik nadprądowy B32 1P;Wyłącznik nadmiarowo-prądowy, charakterystyka B, prąd znamionowy 32A, 1-biegunowy, zdolność zwarciowa 6kA, montaż na szynie DIN TH35.;100;123;23;PLN
WYL-B32-3P;Wyłącznik nadprądowy B32 3P;Wyłącznik nadmiarowo-prądowy, charakterystyka B, prąd znamionowy 32A, 3-biegunowy, zdolność zwarciowa 6kA, montaż na szynie DIN TH35.;100;123;23;PLN
WYL-B40-1P;Wyłącznik nadprądowy B40 1P;Wyłącznik nadmiarowo-prądowy, charakterystyka B, prąd znamionowy 40A, 1-biegunowy, zdolność zwarciowa 6kA, montaż na szynie DIN TH35.;100;123;23;PLN
WYL-B40-3P;Wyłącznik nadprądowy B40 3P;Wyłącznik nadmiarowo-prądowy, charakterystyka B, prąd znamionowy 40A, 3-biegunowy, zdolność zwarciowa 6kA, montaż na szynie DIN TH35.;100;123;23;PLN
WYL-C6-1P;Wyłącznik nadprądowy C6 1P;Wyłącznik nadmiarowo-prądowy, charakterystyka C, prąd znamionowy 6A, 1-biegunowy, zdolność zwarciowa 6kA, montaż na szynie DIN TH35.;100;123;23;PLN
WYL-C6-3P;Wyłącznik nadprądowy C6 3P;Wyłącznik nadmiarowo-prądowy, charakterystyka C, prąd znamionowy 6A, 3-biegunowy, zdolność zwarciowa 6kA, montaż na szynie DIN TH35.;100;123;23;PLN
WYL-C10-1P;Wyłącznik nadprądowy C10 1P;Wyłącznik nadmiarowo-prądowy, charakterystyka C, prąd znamionowy 10A, 1-biegunowy, zdolność zwarciowa 6kA, montaż na szynie DIN TH35.;100;123;23;PLN
WYL-C10-3P;Wyłącznik nadprądowy C10 3P;Wyłącznik nadmiarowo-prądowy, charakterystyka C, prąd znamionowy 10A, 3-biegunowy, zdolność zwarciowa 6kA, montaż na szynie DIN TH35.;100;123;23;PLN
WYL-C13-1P;Wyłącznik nadprądowy C13 1P;Wyłącznik nadmiarowo-prądowy, charakterystyka C, prąd znamionowy 13A, 1-biegunowy, zdolność zwarciowa 6kA, montaż na szynie DIN TH35.;100;123;23;PLN
WYL-C13-3P;Wyłącznik nadprądowy C13 3P;Wyłącznik nadmiarowo-prądowy, charakterystyka C, prąd znamionowy 13A, 3-biegunowy, zdolność zwarciowa 6kA, montaż na szynie DIN TH35.;100;123;23;PLN
WYL-C16-1P;Wyłącznik nadprądowy C16 1P;Wyłącznik nadmiarowo-prądowy, charakterystyka C, prąd znamionowy 16A, 1-biegunowy, zdolność zwarciowa 6kA, montaż na szynie DIN TH35.;100;123;23;PLN
WYL-C16-3P;Wyłącznik nadprądowy C16 3P;Wyłącznik nadmiarowo-prądowy, charakterystyka C, prąd znamionowy 16A, 3-biegunowy, zdolność zwarciowa 6kA, montaż na szynie DIN TH35.;100;123;23;PLN
WYL-C20-1P;Wyłącznik nadprądowy C20 1P;Wyłącznik nadmiarowo-prądowy, charakterystyka C, prąd znamionowy 20A, 1-biegunowy, zdolność zwarciowa 6kA, montaż na szynie DIN TH35.;100;123;23;PLN
WYL-C20-3P;Wyłącznik nadprądowy C20 3P;Wyłącznik nadmiarowo-prądowy, charakterystyka C, prąd znamionowy 20A, 3-biegunowy, zdolność zwarciowa 6kA, montaż na szynie DIN TH35.;100;123;23;PLN
WYL-C25-1P;Wyłącznik nadprądowy C25 1P;Wyłącznik nadmiarowo-prądowy, charakterystyka C, prąd znamionowy 25A, 1-biegunowy, zdolność zwarciowa 6kA, montaż na szynie DIN TH35.;100;123;23;PLN
WYL-C25-3P;Wyłącznik nadprądowy C25 3P;Wyłącznik nadmiarowo-prądowy, charakterystyka C, prąd znamionowy 25A, 3-biegunowy, zdolność zwarciowa 6kA, montaż na szynie DIN TH35.;100;123;23;PLN
WYL-C32-1P;Wyłącznik nadprądowy C32 1P;Wyłącznik nadmiarowo-prądowy, charakterystyka C, prąd znamionowy 32A, 1-biegunowy, zdolność zwarciowa 6kA, montaż na szynie DIN TH35.;100;123;23;PLN
WYL-C32-3P;Wyłącznik nadprądowy C32 3P;Wyłącznik nadmiarowo-prądowy, charakterystyka C, prąd znamionowy 32A, 3-biegunowy, zdolność zwarciowa 6kA, montaż na szynie DIN TH35.;100;123;23;PLN
WYL-C40-1P;Wyłącznik nadprądowy C40 1P;Wyłącznik nadmiarowo-prądowy, charakterystyka C, prąd znamionowy 40A, 1-biegunowy, zdolność zwarciowa 6kA, montaż na szynie DIN TH35.;100;123;23;PLN
WYL-C40-3P;Wyłącznik nadprądowy C40 3P;Wyłącznik nadmiarowo-prądowy, charakterystyka C, prąd znamionowy 40A, 3-biegunowy, zdolność zwarciowa 6kA, montaż na szynie DIN TH35.;100;123;23;PLN
WYL-D6-1P;Wyłącznik nadprądowy D6 1P;Wyłącznik nadmiarowo-prądowy, charakterystyka D, prąd znamionowy 6A, 1-biegunowy, zdolność zwarciowa 6kA, montaż na szynie DIN TH35.;100;123;23;PLN
WYL-D6-3P;Wyłącznik nadprądowy D6 3P;Wyłącznik nadmiarowo-prądowy, charakterystyka D, prąd znamionowy 6A, 3-biegunowy, zdolność zwarciowa 6kA, montaż na szynie DIN TH35.;100;123;23;PLN
WYL-D10-1P;Wyłącznik nadprądowy D10 1P;Wyłącznik nadmiarowo-prądowy, charakterystyka D, prąd znamionowy 10A, 1-biegunowy, zdolność zwarciowa 6kA, montaż na szynie DIN TH35.;100;123;23;PLN
WYL-D10-3P;Wyłącznik nadprądowy D10 3P;Wyłącznik nadmiarowo-prądowy, charakterystyka D, prąd znamionowy 10A, 3-biegunowy, zdolność zwarciowa 6kA, montaż na szynie DIN TH35.;100;123;23;PLN
WYL-D13-1P;Wyłącznik nadprądowy D13 1P;Wyłącznik nadmiarowo-prądowy, charakterystyka D, prąd znamionowy 13A, 1-biegunowy, zdolność zwarciowa 6kA, montaż na szynie DIN TH35.;100;123;23;PLN
WYL-D13-3P;Wyłącznik nadprądowy D13 3P;Wyłącznik nadmiarowo-prądowy, charakterystyka D, prąd znamionowy 13A, 3-biegunowy, zdolność zwarciowa 6kA, montaż na szynie DIN TH35.;100;123;23;PLN
WYL-D16-1P;Wyłącznik nadprądowy D16 1P;Wyłącznik nadmiarowo-prądowy, charakterystyka D, prąd znamionowy 16A, 1-biegunowy, zdolność zwarciowa 6kA, montaż na szynie DIN TH35.;100;123;23;PLN
WYL-D16-3P;Wyłącznik nadprądowy D16 3P;Wyłącznik nadmiarowo-prądowy, charakterystyka D, prąd znamionowy 16A, 3-biegunowy, zdolność zwarciowa 6kA, montaż na szynie DIN TH35.;100;123;23;PLN
WYL-D20-1P;Wyłącznik nadprądowy D20 1P;Wyłącznik nadmiarowo-prądowy, charakterystyka D, prąd znamionowy 20A, 1-biegunowy, zdolność zwarciowa 6kA, montaż na szynie DIN TH35.;100;123;23;PLN
WYL-D20-3P;Wyłącznik nadprądowy D20 3P;Wyłącznik nadmiarowo-prądowy, charakterystyka D, prąd znamionowy 20A, 3-biegunowy, zdolność zwarciowa 6kA, montaż na szynie DIN TH35.;100;123;23;PLN
WYL-D25-1P;Wyłącznik nadprądowy D25 1P;Wyłącznik nadmiarowo-prądowy, charakterystyka D, prąd znamionowy 25A, 1-biegunowy, zdolność zwarciowa 6kA, montaż na szynie DIN TH35.;100;123;23;PLN
WYL-D25-3P;Wyłącznik nadprądowy D25 3P;Wyłącznik nadmiarowo-prądowy, charakterystyka D, prąd znamionowy 25A, 3-biegunowy, zdolność zwarciowa 6kA, montaż na szynie DIN TH35.;100;123;23;PLN
WYL-D32-1P;Wyłącznik nadprądowy D32 1P;Wyłącznik nadmiarowo-prądowy, charakterystyka D, prąd znamionowy 32A, 1-biegunowy, zdolność zwarciowa 6kA, montaż na szynie DIN TH35.;100;123;23;PLN
WYL-D32-3P;Wyłącznik nadprądowy D32 3P;Wyłącznik nadmiarowo-prądowy, charakterystyka D, prąd znamionowy 32A, 3-biegunowy, zdolność zwarciowa 6kA, montaż na szynie DIN TH35.;100;123;23;PLN
WYL-D40-1P;Wyłącznik nadprądowy D40 1P;Wyłącznik nadmiarowo-prądowy, charakterystyka D, prąd znamionowy 40A, 1-biegunowy, zdolność zwarciowa 6kA, montaż na szynie DIN TH35.;100;123;23;PLN
WYL-D40-3P;Wyłącznik nadprądowy D40 3P;Wyłącznik nadmiarowo-prądowy, charakterystyka D, prąd znamionowy 40A, 3-biegunowy, zdolność zwarciowa 6kA, montaż na szynie DIN TH35.;100;123;23;PLN
RCD-25-30-2P;Wyłącznik różnicowoprądowy 25A 30mA 2P;Wyłącznik różnicowoprądowy (RCD) typ AC, prąd znamionowy 25A, prąd różnicowy 30mA, 2-biegunowy, montaż na szynie DIN.;100;123;23;PLN
RCD-25-30-4P;Wyłącznik różnicowoprądowy 25A 30mA 4P;Wyłącznik różnicowoprądowy (RCD) typ AC, prąd znamionowy 25A, prąd różnicowy 30mA, 4-biegunowy, montaż na szynie DIN.;100;123;23;PLN
RCD-25-100-2P;Wyłącznik różnicowoprądowy 25A 100mA 2P;Wyłącznik różnicowoprądowy (RCD) typ AC, prąd znamionowy 25A, prąd różnicowy 100mA, 2-biegunowy, montaż na szynie DIN.;100;123;23;PLN
RCD-25-100-4P;Wyłącznik różnicowoprądowy 25A 100mA 4P;Wyłącznik różnicowoprądowy (RCD) typ AC, prąd znamionowy 25A, prąd różnicowy 100mA, 4-biegunowy, montaż na szynie DIN.;100;123;23;PLN
RCD-25-300-2P;Wyłącznik różnicowoprądowy 25A 300mA 2P;Wyłącznik różnicowoprądowy (RCD) typ AC, prąd znamionowy 25A, prąd różnicowy 300mA, 2-biegunowy, montaż na szynie DIN.;100;123;23;PLN
RCD-25-300-4P;Wyłącznik różnicowoprądowy 25A 300mA 4P;Wyłącznik różnicowoprądowy (RCD) typ AC, prąd znamionowy 25A, prąd różnicowy 300mA, 4-biegunowy, montaż na szynie DIN.;100;123;23;PLN
RCD-40-30-2P;Wyłącznik różnicowoprądowy 40A 30mA 2P;Wyłącznik różnicowoprądowy (RCD) typ AC, prąd znamionowy 40A, prąd różnicowy 30mA, 2-biegunowy, montaż na szynie DIN.;100;123;23;PLN
RCD-40-30-4P;Wyłącznik różnicowoprądowy 40A 30mA 4P;Wyłącznik różnicowoprądowy (RCD) typ AC, prąd znamionowy 40A, prąd różnicowy 30mA, 4-biegunowy, montaż na szynie DIN.;100;123;23;PLN
RCD-40-100-2P;Wyłącznik różnicowoprądowy 40A 100mA 2P;Wyłącznik różnicowoprądowy (RCD) typ AC, prąd znamionowy 40A, prąd różnicowy 100mA, 2-biegunowy, montaż na szynie DIN.;100;123;23;PLN
RCD-40-100-4P;Wyłącznik różnicowoprądowy 40A 100mA 4P;Wyłącznik różnicowoprądowy (RCD) typ AC, prąd znamionowy 40A, prąd różnicowy 100mA, 4-biegunowy, montaż na szynie DIN.;100;123;23;PLN
RCD-40-300-2P;Wyłącznik różnicowoprądowy 40A 300mA 2P;Wyłącznik różnicowoprądowy (RCD) typ AC, prąd znamionowy 40A, prąd różnicowy 300mA, 2-biegunowy, montaż na szynie DIN.;100;123;23;PLN
RCD-40-300-4P;Wyłącznik różnicowoprądowy 40A 300mA 4P;Wyłącznik różnicowoprądowy (RCD) typ AC, prąd znamionowy 40A, prąd różnicowy 300mA, 4-biegunowy, montaż na szynie DIN.;100;123;23;PLN
RCD-63-30-2P;Wyłącznik różnicowoprądowy 63A 30mA 2P;Wyłącznik różnicowoprądowy (RCD) typ AC, prąd znamionowy 63A, prąd różnicowy 30mA, 2-biegunowy, montaż na szynie DIN.;100;123;23;PLN
RCD-63-30-4P;Wyłącznik różnicowoprądowy 63A 30mA 4P;Wyłącznik różnicowoprądowy (RCD) typ AC, prąd znamionowy 63A, prąd różnicowy 30mA, 4-biegunowy, montaż na szynie DIN.;100;123;23;PLN
RCD-63-100-2P;Wyłącznik różnicowoprądowy 63A 100mA 2P;Wyłącznik różnicowoprądowy (RCD) typ AC, prąd znamionowy 63A, prąd różnicowy 100mA, 2-biegunowy, montaż na szynie DIN.;100;123;23;PLN
RCD-63-100-4P;Wyłącznik różnicowoprądowy 63A 100mA 4P;Wyłącznik różnicowoprądowy (RCD) typ AC, prąd znamionowy 63A, prąd różnicowy 100mA, 4-biegunowy, montaż na szynie DIN.;100;123;23;PLN
RCD-63-300-2P;Wyłącznik różnicowoprądowy 63A 300mA 2P;Wyłącznik różnicowoprądowy (RCD) typ AC, prąd znamionowy 63A, prąd różnicowy 300mA, 2-biegunowy, montaż na szynie DIN.;100;123;23;PLN
RCD-63-300-4P;Wyłącznik różnicowoprądowy 63A 300mA 4P;Wyłącznik różnicowoprądowy (RCD) typ AC, prąd znamionowy 63A, prąd różnicowy 300mA, 4-biegunowy, montaż na szynie DIN.;100;123;23;PLN
RCBO-B10-30;Wyłącznik różnicowo-nadprądowy B10 30mA 1P+N;Wyłącznik różnicowo-nadprądowy (RCBO) łączący funkcję nadprądową (charakterystyka B, 10A) i różnicową (30mA, typ AC), 1P+N, szerokość 1 modułu.;100;123;23;PLN
RCBO-B16-30;Wyłącznik różnicowo-nadprądowy B16 30mA 1P+N;Wyłącznik różnicowo-nadprądowy (RCBO) łączący funkcję nadprądową (charakterystyka B, 16A) i różnicową (30mA, typ AC), 1P+N, szerokość 1 modułu.;100;123;23;PLN
RCBO-B20-30;Wyłącznik różnicowo-nadprądowy B20 30mA 1P+N;Wyłącznik różnicowo-nadprądowy (RCBO) łączący funkcję nadprądową (charakterystyka B, 20A) i różnicową (30mA, typ AC), 1P+N, szerokość 1 modułu.;100;123;23;PLN
RCBO-B25-30;Wyłącznik różnicowo-nadprądowy B25 30mA 1P+N;Wyłącznik różnicowo-nadprądowy (RCBO) łączący funkcję nadprądową (charakterystyka B, 25A) i różnicową (30mA, typ AC), 1P+N, szerokość 1 modułu.;100;123;23;PLN
RCBO-C10-30;Wyłącznik różnicowo-nadprądowy C10 30mA 1P+N;Wyłącznik różnicowo-nadprądowy (RCBO) łączący funkcję nadprądową (charakterystyka C, 10A) i różnicową (30mA, typ AC), 1P+N, szerokość 1 modułu.;100;123;23;PLN
RCBO-C16-30;Wyłącznik różnicowo-nadprądowy C16 30mA 1P+N;Wyłącznik różnicowo-nadprądowy (RCBO) łączący funkcję nadprądową (charakterystyka C, 16A) i różnicową (30mA, typ AC), 1P+N, szerokość 1 modułu.;100;123;23;PLN
RCBO-C20-30;Wyłącznik różnicowo-nadprądowy C20 30mA 1P+N;Wyłącznik różnicowo-nadprądowy (RCBO) łączący funkcję nadprądową (charakterystyka C, 20A) i różnicową (30mA, typ AC), 1P+N, szerokość 1 modułu.;100;123;23;PLN
RCBO-C25-30;Wyłącznik różnicowo-nadprądowy C25 30mA 1P+N;Wyłącznik różnicowo-nadprądowy (RCBO) łączący funkcję nadprądową (charakterystyka C, 25A) i różnicową (30mA, typ AC), 1P+N, szerokość 1 modułu.;100;123;23;PLN
ROZL-FR-32-1P;Rozłącznik izolacyjny FR 32A 1P;Rozłącznik izolacyjny modułowy, prąd znamionowy 32A, 1-biegunowy, jako wyłącznik główny w rozdzielnicy, montaż na szynie DIN.;100;123;23;PLN
ROZL-FR-32-2P;Rozłącznik izolacyjny FR 32A 2P;Rozłącznik izolacyjny modułowy, prąd znamionowy 32A, 2-biegunowy, jako wyłącznik główny w rozdzielnicy, montaż na szynie DIN.;100;123;23;PLN
ROZL-FR-32-3P;Rozłącznik izolacyjny FR 32A 3P;Rozłącznik izolacyjny modułowy, prąd znamionowy 32A, 3-biegunowy, jako wyłącznik główny w rozdzielnicy, montaż na szynie DIN.;100;123;23;PLN
ROZL-FR-32-4P;Rozłącznik izolacyjny FR 32A 4P;Rozłącznik izolacyjny modułowy, prąd znamionowy 32A, 4-biegunowy, jako wyłącznik główny w rozdzielnicy, montaż na szynie DIN.;100;123;23;PLN
ROZL-FR-40-1P;Rozłącznik izolacyjny FR 40A 1P;Rozłącznik izolacyjny modułowy, prąd znamionowy 40A, 1-biegunowy, jako wyłącznik główny w rozdzielnicy, montaż na szynie DIN.;100;123;23;PLN
ROZL-FR-40-2P;Rozłącznik izolacyjny FR 40A 2P;Rozłącznik izolacyjny modułowy, prąd znamionowy 40A, 2-biegunowy, jako wyłącznik główny w rozdzielnicy, montaż na szynie DIN.;100;123;23;PLN
ROZL-FR-40-3P;Rozłącznik izolacyjny FR 40A 3P;Rozłącznik izolacyjny modułowy, prąd znamionowy 40A, 3-biegunowy, jako wyłącznik główny w rozdzielnicy, montaż na szynie DIN.;100;123;23;PLN
ROZL-FR-40-4P;Rozłącznik izolacyjny FR 40A 4P;Rozłącznik izolacyjny modułowy, prąd znamionowy 40A, 4-biegunowy, jako wyłącznik główny w rozdzielnicy, montaż na szynie DIN.;100;123;23;PLN
ROZL-FR-63-1P;Rozłącznik izolacyjny FR 63A 1P;Rozłącznik izolacyjny modułowy, prąd znamionowy 63A, 1-biegunowy, jako wyłącznik główny w rozdzielnicy, montaż na szynie DIN.;100;123;23;PLN
ROZL-FR-63-2P;Rozłącznik izolacyjny FR 63A 2P;Rozłącznik izolacyjny modułowy, prąd znamionowy 63A, 2-biegunowy, jako wyłącznik główny w rozdzielnicy, montaż na szynie DIN.;100;123;23;PLN
ROZL-FR-63-3P;Rozłącznik izolacyjny FR 63A 3P;Rozłącznik izolacyjny modułowy, prąd znamionowy 63A, 3-biegunowy, jako wyłącznik główny w rozdzielnicy, montaż na szynie DIN.;100;123;23;PLN
ROZL-FR-63-4P;Rozłącznik izolacyjny FR 63A 4P;Rozłącznik izolacyjny modułowy, prąd znamionowy 63A, 4-biegunowy, jako wyłącznik główny w rozdzielnicy, montaż na szynie DIN.;100;123;23;PLN
ROZL-FR-100-1P;Rozłącznik izolacyjny FR 100A 1P;Rozłącznik izolacyjny modułowy, prąd znamionowy 100A, 1-biegunowy, jako wyłącznik główny w rozdzielnicy, montaż na szynie DIN.;100;123;23;PLN
ROZL-FR-100-2P;Rozłącznik izolacyjny FR 100A 2P;Rozłącznik izolacyjny modułowy, prąd znamionowy 100A, 2-biegunowy, jako wyłącznik główny w rozdzielnicy, montaż na szynie DIN.;100;123;23;PLN
ROZL-FR-100-3P;Rozłącznik izolacyjny FR 100A 3P;Rozłącznik izolacyjny modułowy, prąd znamionowy 100A, 3-biegunowy, jako wyłącznik główny w rozdzielnicy, montaż na szynie DIN.;100;123;23;PLN
ROZL-FR-100-4P;Rozłącznik izolacyjny FR 100A 4P;Rozłącznik izolacyjny modułowy, prąd znamionowy 100A, 4-biegunowy, jako wyłącznik główny w rozdzielnicy, montaż na szynie DIN.;100;123;23;PLN
STY-20-4NO;Stycznik modułowy 20A 4NO;Stycznik modułowy, prąd znamionowy 20A, 4 styki normalnie otwarte (NO), cewka 230V AC, do sterowania obwodami w rozdzielnicy.;100;123;23;PLN
STY-25-4NO;Stycznik modułowy 25A 4NO;Stycznik modułowy, prąd znamionowy 25A, 4 styki normalnie otwarte (NO), cewka 230V AC, do sterowania obwodami w rozdzielnicy.;100;123;23;PLN
STY-40-4NO;Stycznik modułowy 40A 4NO;Stycznik modułowy, prąd znamionowy 40A, 4 styki normalnie otwarte (NO), cewka 230V AC, do sterowania obwodami w rozdzielnicy.;100;123;23;PLN
STY-63-4NO;Stycznik modułowy 63A 4NO;Stycznik modułowy, prąd znamionowy 63A, 4 styki normalnie otwarte (NO), cewka 230V AC, do sterowania obwodami w rozdzielnicy.;100;123;23;PLN
LAMP-MOD-GN;Lampka modułowa LED zielona;Lampka sygnalizacyjna LED na szynę DIN, kolor zielona, 230V AC, sygnalizacja obecności napięcia w rozdzielnicy.;100;123;23;PLN
LAMP-MOD-RD;Lampka modułowa LED czerwona;Lampka sygnalizacyjna LED na szynę DIN, kolor czerwona, 230V AC, sygnalizacja obecności napięcia w rozdzielnicy.;100;123;23;PLN
LAMP-MOD-YE;Lampka modułowa LED żółta;Lampka sygnalizacyjna LED na szynę DIN, kolor żółta, 230V AC, sygnalizacja obecności napięcia w rozdzielnicy.;100;123;23;PLN
KAB-YDYP-2X1;Przewód YDYp 2x1 mm² 450/750V krążek 100m;Przewód instalacyjny płaski YDYp 2x1 mm², izolacja PVC, 450/750V, do układania podtynkowo i natynkowo. Krążek 100 metrów.;100;123;23;PLN
KAB-YDYP-2X15;Przewód YDYp 2x1,5 mm² 450/750V krążek 100m;Przewód instalacyjny płaski YDYp 2x1,5 mm², izolacja PVC, 450/750V, do układania podtynkowo i natynkowo. Krążek 100 metrów.;100;123;23;PLN
KAB-YDYP-3X15;Przewód YDYp 3x1,5 mm² 450/750V krążek 100m;Przewód instalacyjny płaski YDYp 3x1,5 mm², izolacja PVC, 450/750V, do układania podtynkowo i natynkowo. Krążek 100 metrów.;100;123;23;PLN
KAB-YDYP-3X25;Przewód YDYp 3x2,5 mm² 450/750V krążek 100m;Przewód instalacyjny płaski YDYp 3x2,5 mm², izolacja PVC, 450/750V, do układania podtynkowo i natynkowo. Krążek 100 metrów.;100;123;23;PLN
KAB-YDYP-3X4;Przewód YDYp 3x4 mm² 450/750V krążek 100m;Przewód instalacyjny płaski YDYp 3x4 mm², izolacja PVC, 450/750V, do układania podtynkowo i natynkowo. Krążek 100 metrów.;100;123;23;PLN
KAB-YDYP-3X6;Przewód YDYp 3x6 mm² 450/750V krążek 100m;Przewód instalacyjny płaski YDYp 3x6 mm², izolacja PVC, 450/750V, do układania podtynkowo i natynkowo. Krążek 100 metrów.;100;123;23;PLN
KAB-YDYP-4X15;Przewód YDYp 4x1,5 mm² 450/750V krążek 100m;Przewód instalacyjny płaski YDYp 4x1,5 mm², izolacja PVC, 450/750V, do układania podtynkowo i natynkowo. Krążek 100 metrów.;100;123;23;PLN
KAB-YDYP-4X25;Przewód YDYp 4x2,5 mm² 450/750V krążek 100m;Przewód instalacyjny płaski YDYp 4x2,5 mm², izolacja PVC, 450/750V, do układania podtynkowo i natynkowo. Krążek 100 metrów.;100;123;23;PLN
KAB-YDYP-5X15;Przewód YDYp 5x1,5 mm² 450/750V krążek 100m;Przewód instalacyjny płaski YDYp 5x1,5 mm², izolacja PVC, 450/750V, do układania podtynkowo i natynkowo. Krążek 100 metrów.;100;123;23;PLN
KAB-YDYP-5X25;Przewód YDYp 5x2,5 mm² 450/750V krążek 100m;Przewód instalacyjny płaski YDYp 5x2,5 mm², izolacja PVC, 450/750V, do układania podtynkowo i natynkowo. Krążek 100 metrów.;100;123;23;PLN
KAB-YDYP-5X4;Przewód YDYp 5x4 mm² 450/750V krążek 100m;Przewód instalacyjny płaski YDYp 5x4 mm², izolacja PVC, 450/750V, do układania podtynkowo i natynkowo. Krążek 100 metrów.;100;123;23;PLN
KAB-YDYP-5X6;Przewód YDYp 5x6 mm² 450/750V krążek 100m;Przewód instalacyjny płaski YDYp 5x6 mm², izolacja PVC, 450/750V, do układania podtynkowo i natynkowo. Krążek 100 metrów.;100;123;23;PLN
KAB-YDY-2X1;Przewód YDY 2x1 mm² 450/750V krążek 100m;Przewód instalacyjny okrągły YDY 2x1 mm², izolacja PVC, 450/750V, do układania podtynkowo i natynkowo. Krążek 100 metrów.;100;123;23;PLN
KAB-YDY-2X15;Przewód YDY 2x1,5 mm² 450/750V krążek 100m;Przewód instalacyjny okrągły YDY 2x1,5 mm², izolacja PVC, 450/750V, do układania podtynkowo i natynkowo. Krążek 100 metrów.;100;123;23;PLN
KAB-YDY-3X15;Przewód YDY 3x1,5 mm² 450/750V krążek 100m;Przewód instalacyjny okrągły YDY 3x1,5 mm², izolacja PVC, 450/750V, do układania podtynkowo i natynkowo. Krążek 100 metrów.;100;123;23;PLN
KAB-YDY-3X25;Przewód YDY 3x2,5 mm² 450/750V krążek 100m;Przewód instalacyjny okrągły YDY 3x2,5 mm², izolacja PVC, 450/750V, do układania podtynkowo i natynkowo. Krążek 100 metrów.;100;123;23;PLN
KAB-YDY-3X4;Przewód YDY 3x4 mm² 450/750V krążek 100m;Przewód instalacyjny okrągły YDY 3x4 mm², izolacja PVC, 450/750V, do układania podtynkowo i natynkowo. Krążek 100 metrów.;100;123;23;PLN
KAB-YDY-3X6;Przewód YDY 3x6 mm² 450/750V krążek 100m;Przewód instalacyjny okrągły YDY 3x6 mm², izolacja PVC, 450/750V, do układania podtynkowo i natynkowo. Krążek 100 metrów.;100;123;23;PLN
KAB-YDY-4X15;Przewód YDY 4x1,5 mm² 450/750V krążek 100m;Przewód instalacyjny okrągły YDY 4x1,5 mm², izolacja PVC, 450/750V, do układania podtynkowo i natynkowo. Krążek 100 metrów.;100;123;23;PLN
KAB-YDY-4X25;Przewód YDY 4x2,5 mm² 450/750V krążek 100m;Przewód instalacyjny okrągły YDY 4x2,5 mm², izolacja PVC, 450/750V, do układania podtynkowo i natynkowo. Krążek 100 metrów.;100;123;23;PLN
KAB-YDY-5X15;Przewód YDY 5x1,5 mm² 450/750V krążek 100m;Przewód instalacyjny okrągły YDY 5x1,5 mm², izolacja PVC, 450/750V, do układania podtynkowo i natynkowo. Krążek 100 metrów.;100;123;23;PLN
KAB-YDY-5X25;Przewód YDY 5x2,5 mm² 450/750V krążek 100m;Przewód instalacyjny okrągły YDY 5x2,5 mm², izolacja PVC, 450/750V, do układania podtynkowo i natynkowo. Krążek 100 metrów.;100;123;23;PLN
KAB-YDY-5X4;Przewód YDY 5x4 mm² 450/750V krążek 100m;Przewód instalacyjny okrągły YDY 5x4 mm², izolacja PVC, 450/750V, do układania podtynkowo i natynkowo. Krążek 100 metrów.;100;123;23;PLN
KAB-YDY-5X6;Przewód YDY 5x6 mm² 450/750V krążek 100m;Przewód instalacyjny okrągły YDY 5x6 mm², izolacja PVC, 450/750V, do układania podtynkowo i natynkowo. Krążek 100 metrów.;100;123;23;PLN
KAB-LGY-05-BK;Przewód LgY 0,5mm² czarny 100m;Przewód jednożyłowy giętki LgY (linka) 0,5 mm², izolacja PVC, kolor czarny, 450/750V. Szpula 100 metrów.;100;123;23;PLN
KAB-LGY-05-BU;Przewód LgY 0,5mm² niebieski 100m;Przewód jednożyłowy giętki LgY (linka) 0,5 mm², izolacja PVC, kolor niebieski, 450/750V. Szpula 100 metrów.;100;123;23;PLN
KAB-LGY-05-YG;Przewód LgY 0,5mm² żółto-zielony 100m;Przewód jednożyłowy giętki LgY (linka) 0,5 mm², izolacja PVC, kolor żółto-zielony, 450/750V. Szpula 100 metrów.;100;123;23;PLN
KAB-LGY-05-BN;Przewód LgY 0,5mm² brązowy 100m;Przewód jednożyłowy giętki LgY (linka) 0,5 mm², izolacja PVC, kolor brązowy, 450/750V. Szpula 100 metrów.;100;123;23;PLN
KAB-LGY-05-RD;Przewód LgY 0,5mm² czerwony 100m;Przewód jednożyłowy giętki LgY (linka) 0,5 mm², izolacja PVC, kolor czerwony, 450/750V. Szpula 100 metrów.;100;123;23;PLN
KAB-LGY-075-BK;Przewód LgY 0,75mm² czarny 100m;Przewód jednożyłowy giętki LgY (linka) 0,75 mm², izolacja PVC, kolor czarny, 450/750V. Szpula 100 metrów.;100;123;23;PLN
KAB-LGY-075-BU;Przewód LgY 0,75mm² niebieski 100m;Przewód jednożyłowy giętki LgY (linka) 0,75 mm², izolacja PVC, kolor niebieski, 450/750V. Szpula 100 metrów.;100;123;23;PLN
KAB-LGY-075-YG;Przewód LgY 0,75mm² żółto-zielony 100m;Przewód jednożyłowy giętki LgY (linka) 0,75 mm², izolacja PVC, kolor żółto-zielony, 450/750V. Szpula 100 metrów.;100;123;23;PLN
KAB-LGY-075-BN;Przewód LgY 0,75mm² brązowy 100m;Przewód jednożyłowy giętki LgY (linka) 0,75 mm², izolacja PVC, kolor brązowy, 450/750V. Szpula 100 metrów.;100;123;23;PLN
KAB-LGY-075-RD;Przewód LgY 0,75mm² czerwony 100m;Przewód jednożyłowy giętki LgY (linka) 0,75 mm², izolacja PVC, kolor czerwony, 450/750V. Szpula 100 metrów.;100;123;23;PLN
KAB-LGY-1-BK;Przewód LgY 1mm² czarny 100m;Przewód jednożyłowy giętki LgY (linka) 1 mm², izolacja PVC, kolor czarny, 450/750V. Szpula 100 metrów.;100;123;23;PLN
KAB-LGY-1-BU;Przewód LgY 1mm² niebieski 100m;Przewód jednożyłowy giętki LgY (linka) 1 mm², izolacja PVC, kolor niebieski, 450/750V. Szpula 100 metrów.;100;123;23;PLN
KAB-LGY-1-YG;Przewód LgY 1mm² żółto-zielony 100m;Przewód jednożyłowy giętki LgY (linka) 1 mm², izolacja PVC, kolor żółto-zielony, 450/750V. Szpula 100 metrów.;100;123;23;PLN
KAB-LGY-1-BN;Przewód LgY 1mm² brązowy 100m;Przewód jednożyłowy giętki LgY (linka) 1 mm², izolacja PVC, kolor brązowy, 450/750V. Szpula 100 metrów.;100;123;23;PLN
KAB-LGY-1-RD;Przewód LgY 1mm² czerwony 100m;Przewód jednożyłowy giętki LgY (linka) 1 mm², izolacja PVC, kolor czerwony, 450/750V. Szpula 100 metrów.;100;123;23;PLN
KAB-LGY-15-BK;Przewód LgY 1,5mm² czarny 100m;Przewód jednożyłowy giętki LgY (linka) 1,5 mm², izolacja PVC, kolor czarny, 450/750V. Szpula 100 metrów.;100;123;23;PLN
KAB-LGY-15-BU;Przewód LgY 1,5mm² niebieski 100m;Przewód jednożyłowy giętki LgY (linka) 1,5 mm², izolacja PVC, kolor niebieski, 450/750V. Szpula 100 metrów.;100;123;23;PLN
KAB-LGY-15-YG;Przewód LgY 1,5mm² żółto-zielony 100m;Przewód jednożyłowy giętki LgY (linka) 1,5 mm², izolacja PVC, kolor żółto-zielony, 450/750V. Szpula 100 metrów.;100;123;23;PLN
KAB-LGY-15-BN;Przewód LgY 1,5mm² brązowy 100m;Przewód jednożyłowy giętki LgY (linka) 1,5 mm², izolacja PVC, kolor brązowy, 450/750V. Szpula 100 metrów.;100;123;23;PLN
KAB-LGY-15-RD;Przewód LgY 1,5mm² czerwony 100m;Przewód jednożyłowy giętki LgY (linka) 1,5 mm², izolacja PVC, kolor czerwony, 450/750V. Szpula 100 metrów.;100;123;23;PLN
KAB-LGY-25-BK;Przewód LgY 2,5mm² czarny 100m;Przewód jednożyłowy giętki LgY (linka) 2,5 mm², izolacja PVC, kolor czarny, 450/750V. Szpula 100 metrów.;100;123;23;PLN
KAB-LGY-25-BU;Przewód LgY 2,5mm² niebieski 100m;Przewód jednożyłowy giętki LgY (linka) 2,5 mm², izolacja PVC, kolor niebieski, 450/750V. Szpula 100 metrów.;100;123;23;PLN
KAB-LGY-25-YG;Przewód LgY 2,5mm² żółto-zielony 100m;Przewód jednożyłowy giętki LgY (linka) 2,5 mm², izolacja PVC, kolor żółto-zielony, 450/750V. Szpula 100 metrów.;100;123;23;PLN
KAB-LGY-25-BN;Przewód LgY 2,5mm² brązowy 100m;Przewód jednożyłowy giętki LgY (linka) 2,5 mm², izolacja PVC, kolor brązowy, 450/750V. Szpula 100 metrów.;100;123;23;PLN
KAB-LGY-25-RD;Przewód LgY 2,5mm² czerwony 100m;Przewód jednożyłowy giętki LgY (linka) 2,5 mm², izolacja PVC, kolor czerwony, 450/750V. Szpula 100 metrów.;100;123;23;PLN
KAB-LGY-4-BK;Przewód LgY 4mm² czarny 100m;Przewód jednożyłowy giętki LgY (linka) 4 mm², izolacja PVC, kolor czarny, 450/750V. Szpula 100 metrów.;100;123;23;PLN
KAB-LGY-4-BU;Przewód LgY 4mm² niebieski 100m;Przewód jednożyłowy giętki LgY (linka) 4 mm², izolacja PVC, kolor niebieski, 450/750V. Szpula 100 metrów.;100;123;23;PLN
KAB-LGY-4-YG;Przewód LgY 4mm² żółto-zielony 100m;Przewód jednożyłowy giętki LgY (linka) 4 mm², izolacja PVC, kolor żółto-zielony, 450/750V. Szpula 100 metrów.;100;123;23;PLN
KAB-LGY-4-BN;Przewód LgY 4mm² brązowy 100m;Przewód jednożyłowy giętki LgY (linka) 4 mm², izolacja PVC, kolor brązowy, 450/750V. Szpula 100 metrów.;100;123;23;PLN
KAB-LGY-4-RD;Przewód LgY 4mm² czerwony 100m;Przewód jednożyłowy giętki LgY (linka) 4 mm², izolacja PVC, kolor czerwony, 450/750V. Szpula 100 metrów.;100;123;23;PLN
KAB-LGY-6-BK;Przewód LgY 6mm² czarny 100m;Przewód jednożyłowy giętki LgY (linka) 6 mm², izolacja PVC, kolor czarny, 450/750V. Szpula 100 metrów.;100;123;23;PLN
KAB-LGY-6-BU;Przewód LgY 6mm² niebieski 100m;Przewód jednożyłowy giętki LgY (linka) 6 mm², izolacja PVC, kolor niebieski, 450/750V. Szpula 100 metrów.;100;123;23;PLN
KAB-LGY-6-YG;Przewód LgY 6mm² żółto-zielony 100m;Przewód jednożyłowy giętki LgY (linka) 6 mm², izolacja PVC, kolor żółto-zielony, 450/750V. Szpula 100 metrów.;100;123;23;PLN
KAB-LGY-6-BN;Przewód LgY 6mm² brązowy 100m;Przewód jednożyłowy giętki LgY (linka) 6 mm², izolacja PVC, kolor brązowy, 450/750V. Szpula 100 metrów.;100;123;23;PLN
KAB-LGY-6-RD;Przewód LgY 6mm² czerwony 100m;Przewód jednożyłowy giętki LgY (linka) 6 mm², izolacja PVC, kolor czerwony, 450/750V. Szpula 100 metrów.;100;123;23;PLN
KAB-LGY-10-BK;Przewód LgY 10mm² czarny 100m;Przewód jednożyłowy giętki LgY (linka) 10 mm², izolacja PVC, kolor czarny, 450/750V. Szpula 100 metrów.;100;123;23;PLN
KAB-LGY-10-BU;Przewód LgY 10mm² niebieski 100m;Przewód jednożyłowy giętki LgY (linka) 10 mm², izolacja PVC, kolor niebieski, 450/750V. Szpula 100 metrów.;100;123;23;PLN
KAB-LGY-10-YG;Przewód LgY 10mm² żółto-zielony 100m;Przewód jednożyłowy giętki LgY (linka) 10 mm², izolacja PVC, kolor żółto-zielony, 450/750V. Szpula 100 metrów.;100;123;23;PLN
KAB-LGY-10-BN;Przewód LgY 10mm² brązowy 100m;Przewód jednożyłowy giętki LgY (linka) 10 mm², izolacja PVC, kolor brązowy, 450/750V. Szpula 100 metrów.;100;123;23;PLN
KAB-LGY-10-RD;Przewód LgY 10mm² czerwony 100m;Przewód jednożyłowy giętki LgY (linka) 10 mm², izolacja PVC, kolor czerwony, 450/750V. Szpula 100 metrów.;100;123;23;PLN
KAB-LGY-16-BK;Przewód LgY 16mm² czarny 100m;Przewód jednożyłowy giętki LgY (linka) 16 mm², izolacja PVC, kolor czarny, 450/750V. Szpula 100 metrów.;100;123;23;PLN
KAB-LGY-16-BU;Przewód LgY 16mm² niebieski 100m;Przewód jednożyłowy giętki LgY (linka) 16 mm², izolacja PVC, kolor niebieski, 450/750V. Szpula 100 metrów.;100;123;23;PLN
KAB-LGY-16-YG;Przewód LgY 16mm² żółto-zielony 100m;Przewód jednożyłowy giętki LgY (linka) 16 mm², izolacja PVC, kolor żółto-zielony, 450/750V. Szpula 100 metrów.;100;123;23;PLN
KAB-LGY-16-BN;Przewód LgY 16mm² brązowy 100m;Przewód jednożyłowy giętki LgY (linka) 16 mm², izolacja PVC, kolor brązowy, 450/750V. Szpula 100 metrów.;100;123;23;PLN
KAB-LGY-16-RD;Przewód LgY 16mm² czerwony 100m;Przewód jednożyłowy giętki LgY (linka) 16 mm², izolacja PVC, kolor czerwony, 450/750V. Szpula 100 metrów.;100;123;23;PLN
KAB-UTP-C5E;Kabel UTP kat.5e 305m;Kabel sieciowy skrętka nieekranowana UTP kategorii 5e, drut miedziany 23AWG, do sieci LAN, karton 305 m.;100;123;23;PLN
KAB-UTP-C6;Kabel UTP kat.6 305m;Kabel sieciowy skrętka nieekranowana UTP kategorii 6, drut miedziany 23AWG, do sieci LAN, karton 305 m.;100;123;23;PLN
KAB-UTP-C6A;Kabel UTP kat.6a 305m;Kabel sieciowy skrętka nieekranowana UTP kategorii 6a, drut miedziany 23AWG, do sieci LAN, karton 305 m.;100;123;23;PLN
KAB-FTP-C5E;Kabel FTP kat.5e 305m;Kabel sieciowy skrętka ekranowana FTP kategorii 5e, drut miedziany 23AWG, do sieci LAN, karton 305 m.;100;123;23;PLN
KAB-FTP-C6;Kabel FTP kat.6 305m;Kabel sieciowy skrętka ekranowana FTP kategorii 6, drut miedziany 23AWG, do sieci LAN, karton 305 m.;100;123;23;PLN
KAB-FTP-C6A;Kabel FTP kat.6a 305m;Kabel sieciowy skrętka ekranowana FTP kategorii 6a, drut miedziany 23AWG, do sieci LAN, karton 305 m.;100;123;23;PLN
KAB-YTDY-4X05;Przewód YTDY 4x0,5 domofonowy 100m;Przewód telekomunikacyjny YTDY 4x0,5 mm do instalacji domofonowych i alarmowych, krążek 100 m.;100;123;23;PLN
KAB-YTDY-6X05;Przewód YTDY 6x0,5 domofonowy 100m;Przewód telekomunikacyjny YTDY 6x0,5 mm do instalacji domofonowych i alarmowych, krążek 100 m.;100;123;23;PLN
KAB-YTDY-8X05;Przewód YTDY 8x0,5 domofonowy 100m;Przewód telekomunikacyjny YTDY 8x0,5 mm do instalacji domofonowych i alarmowych, krążek 100 m.;100;123;23;PLN
RUR-RL13-3M;Rura elektroinstalacyjna RL13 3m;Rura gładka sztywna RL o średnicy 13 mm, PVC, samogasnąca, sztanga 3 m, do prowadzenia przewodów natynkowo.;100;123;23;PLN
RUR-RL16-3M;Rura elektroinstalacyjna RL16 3m;Rura gładka sztywna RL o średnicy 16 mm, PVC, samogasnąca, sztanga 3 m, do prowadzenia przewodów natynkowo.;100;123;23;PLN
RUR-RL18-3M;Rura elektroinstalacyjna RL18 3m;Rura gładka sztywna RL o średnicy 18 mm, PVC, samogasnąca, sztanga 3 m, do prowadzenia przewodów natynkowo.;100;123;23;PLN
RUR-RL20-3M;Rura elektroinstalacyjna RL20 3m;Rura gładka sztywna RL o średnicy 20 mm, PVC, samogasnąca, sztanga 3 m, do prowadzenia przewodów natynkowo.;100;123;23;PLN
RUR-RL22-3M;Rura elektroinstalacyjna RL22 3m;Rura gładka sztywna RL o średnicy 22 mm, PVC, samogasnąca, sztanga 3 m, do prowadzenia przewodów natynkowo.;100;123;23;PLN
RUR-RL25-3M;Rura elektroinstalacyjna RL25 3m;Rura gładka sztywna RL o średnicy 25 mm, PVC, samogasnąca, sztanga 3 m, do prowadzenia przewodów natynkowo.;100;123;23;PLN
RUR-RL28-3M;Rura elektroinstalacyjna RL28 3m;Rura gładka sztywna RL o średnicy 28 mm, PVC, samogasnąca, sztanga 3 m, do prowadzenia przewodów natynkowo.;100;123;23;PLN
RUR-RL32-3M;Rura elektroinstalacyjna RL32 3m;Rura gładka sztywna RL o średnicy 32 mm, PVC, samogasnąca, sztanga 3 m, do prowadzenia przewodów natynkowo.;100;123;23;PLN
RUR-RL37-3M;Rura elektroinstalacyjna RL37 3m;Rura gładka sztywna RL o średnicy 37 mm, PVC, samogasnąca, sztanga 3 m, do prowadzenia przewodów natynkowo.;100;123;23;PLN
RUR-RL47-3M;Rura elektroinstalacyjna RL47 3m;Rura gładka sztywna RL o średnicy 47 mm, PVC, samogasnąca, sztanga 3 m, do prowadzenia przewodów natynkowo.;100;123;23;PLN
PESZ-13-25M;Peszel karbowany fi13 25m;Rura karbowana giętka (peszel) o średnicy 13 mm, PVC, samogasnąca, krążek 25 m, do prowadzenia przewodów podtynkowo i w stropach.;100;123;23;PLN
PESZ-16-25M;Peszel karbowany fi16 25m;Rura karbowana giętka (peszel) o średnicy 16 mm, PVC, samogasnąca, krążek 25 m, do prowadzenia przewodów podtynkowo i w stropach.;100;123;23;PLN
PESZ-18-25M;Peszel karbowany fi18 25m;Rura karbowana giętka (peszel) o średnicy 18 mm, PVC, samogasnąca, krążek 25 m, do prowadzenia przewodów podtynkowo i w stropach.;100;123;23;PLN
PESZ-20-25M;Peszel karbowany fi20 25m;Rura karbowana giętka (peszel) o średnicy 20 mm, PVC, samogasnąca, krążek 25 m, do prowadzenia przewodów podtynkowo i w stropach.;100;123;23;PLN
PESZ-22-25M;Peszel karbowany fi22 25m;Rura karbowana giętka (peszel) o średnicy 22 mm, PVC, samogasnąca, krążek 25 m, do prowadzenia przewodów podtynkowo i w stropach.;100;123;23;PLN
PESZ-25-25M;Peszel karbowany fi25 25m;Rura karbowana giętka (peszel) o średnicy 25 mm, PVC, samogasnąca, krążek 25 m, do prowadzenia przewodów podtynkowo i w stropach.;100;123;23;PLN
PESZ-32-25M;Peszel karbowany fi32 25m;Rura karbowana giętka (peszel) o średnicy 32 mm, PVC, samogasnąca, krążek 25 m, do prowadzenia przewodów podtynkowo i w stropach.;100;123;23;PLN
KOR-15-10;Korytko kablowe 15x10 z pokrywą 2m;Kanał kablowy PVC 15x10 mm z pokrywą, biały, odcinek 2 m, do prowadzenia przewodów po ścianie.;100;123;23;PLN
KOR-18-13;Korytko kablowe 18x13 z pokrywą 2m;Kanał kablowy PVC 18x13 mm z pokrywą, biały, odcinek 2 m, do prowadzenia przewodów po ścianie.;100;123;23;PLN
KOR-25-18;Korytko kablowe 25x18 z pokrywą 2m;Kanał kablowy PVC 25x18 mm z pokrywą, biały, odcinek 2 m, do prowadzenia przewodów po ścianie.;100;123;23;PLN
KOR-25-25;Korytko kablowe 25x25 z pokrywą 2m;Kanał kablowy PVC 25x25 mm z pokrywą, biały, odcinek 2 m, do prowadzenia przewodów po ścianie.;100;123;23;PLN
KOR-40-25;Korytko kablowe 40x25 z pokrywą 2m;Kanał kablowy PVC 40x25 mm z pokrywą, biały, odcinek 2 m, do prowadzenia przewodów po ścianie.;100;123;23;PLN
KOR-40-40;Korytko kablowe 40x40 z pokrywą 2m;Kanał kablowy PVC 40x40 mm z pokrywą, biały, odcinek 2 m, do prowadzenia przewodów po ścianie.;100;123;23;PLN
KOR-60-40;Korytko kablowe 60x40 z pokrywą 2m;Kanał kablowy PVC 60x40 mm z pokrywą, biały, odcinek 2 m, do prowadzenia przewodów po ścianie.;100;123;23;PLN
KOR-60-60;Korytko kablowe 60x60 z pokrywą 2m;Kanał kablowy PVC 60x60 mm z pokrywą, biały, odcinek 2 m, do prowadzenia przewodów po ścianie.;100;123;23;PLN
KOR-90-60;Korytko kablowe 90x60 z pokrywą 2m;Kanał kablowy PVC 90x60 mm z pokrywą, biały, odcinek 2 m, do prowadzenia przewodów po ścianie.;100;123;23;PLN
KOR-110-60;Korytko kablowe 110x60 z pokrywą 2m;Kanał kablowy PVC 110x60 mm z pokrywą, biały, odcinek 2 m, do prowadzenia przewodów po ścianie.;100;123;23;PLN
DLA-M12;Dławik kablowy M12;Dławnica kablowa poliamidowa M12 z nakrętką, IP68, do szczelnego wprowadzania kabli do obudów i puszek.;100;123;23;PLN
DLA-M16;Dławik kablowy M16;Dławnica kablowa poliamidowa M16 z nakrętką, IP68, do szczelnego wprowadzania kabli do obudów i puszek.;100;123;23;PLN
DLA-M20;Dławik kablowy M20;Dławnica kablowa poliamidowa M20 z nakrętką, IP68, do szczelnego wprowadzania kabli do obudów i puszek.;100;123;23;PLN
DLA-M25;Dławik kablowy M25;Dławnica kablowa poliamidowa M25 z nakrętką, IP68, do szczelnego wprowadzania kabli do obudów i puszek.;100;123;23;PLN
DLA-M32;Dławik kablowy M32;Dławnica kablowa poliamidowa M32 z nakrętką, IP68, do szczelnego wprowadzania kabli do obudów i puszek.;100;123;23;PLN
DLA-M40;Dławik kablowy M40;Dławnica kablowa poliamidowa M40 z nakrętką, IP68, do szczelnego wprowadzania kabli do obudów i puszek.;100;123;23;PLN
DLA-M50;Dławik kablowy M50;Dławnica kablowa poliamidowa M50 z nakrętką, IP68, do szczelnego wprowadzania kabli do obudów i puszek.;100;123;23;PLN
DLA-M63;Dławik kablowy M63;Dławnica kablowa poliamidowa M63 z nakrętką, IP68, do szczelnego wprowadzania kabli do obudów i puszek.;100;123;23;PLN
PSZ-60-PT;Puszka podtynkowa fi60 z pokrywą;Puszka instalacyjna podtynkowa okrągła, średnica 60 mm, głębokość 60 mm, z pokrywą, do łączenia przewodów w ścianach murowanych.;100;123;23;PLN
PSZ-60-PT-GL;Puszka podtynkowa głęboka fi60;Puszka instalacyjna podtynkowa pogłębiana, średnica 60 mm, głębokość 80 mm, do osprzętu i zapasu przewodów w ścianach murowanych.;100;123;23;PLN
PSZ-70-PT;Puszka podtynkowa fi70 z pokrywą;Puszka instalacyjna podtynkowa okrągła, średnica 70 mm, głębokość 60 mm, z pokrywą, do łączenia przewodów w ścianach murowanych.;100;123;23;PLN
PSZ-70-PT-GL;Puszka podtynkowa głęboka fi70;Puszka instalacyjna podtynkowa pogłębiana, średnica 70 mm, głębokość 80 mm, do osprzętu i zapasu przewodów w ścianach murowanych.;100;123;23;PLN
PSZ-80-PT;Puszka podtynkowa fi80 z pokrywą;Puszka instalacyjna podtynkowa okrągła, średnica 80 mm, głębokość 60 mm, z pokrywą, do łączenia przewodów w ścianach murowanych.;100;123;23;PLN
PSZ-80-PT-GL;Puszka podtynkowa głęboka fi80;Puszka instalacyjna podtynkowa pogłębiana, średnica 80 mm, głębokość 80 mm, do osprzętu i zapasu przewodów w ścianach murowanych.;100;123;23;PLN
PSZ-HERM-75X75;Puszka natynkowa hermetyczna IP65 75x75;Puszka instalacyjna natynkowa hermetyczna 75x75 mm, IP65, z dławikami, do instalacji w pomieszczeniach wilgotnych i na zewnątrz.;100;123;23;PLN
PSZ-HERM-100X100;Puszka natynkowa hermetyczna IP65 100x100;Puszka instalacyjna natynkowa hermetyczna 100x100 mm, IP65, z dławikami, do instalacji w pomieszczeniach wilgotnych i na zewnątrz.;100;123;23;PLN
PSZ-HERM-150X110;Puszka natynkowa hermetyczna IP65 150x110;Puszka instalacyjna natynkowa hermetyczna 150x110 mm, IP65, z dławikami, do instalacji w pomieszczeniach wilgotnych i na zewnątrz.;100;123;23;PLN
PSZ-HERM-190X140;Puszka natynkowa hermetyczna IP65 190x140;Puszka instalacyjna natynkowa hermetyczna 190x140 mm, IP65, z dławikami, do instalacji w pomieszczeniach wilgotnych i na zewnątrz.;100;123;23;PLN
PSZ-HERM-240X190;Puszka natynkowa hermetyczna IP65 240x190;Puszka instalacyjna natynkowa hermetyczna 240x190 mm, IP65, z dławikami, do instalacji w pomieszczeniach wilgotnych i na zewnątrz.;100;123;23;PLN
ROZ-4-NT;Rozdzielnica natynkowa 4 modułów IP40;Rozdzielnica elektryczna natynkowa 4 modułów, IP40, drzwi białe, z szyną TH35 i listwami N+PE, do mieszkań i biur.;100;123;23;PLN
ROZ-4-PT;Rozdzielnica podtynkowa 4 modułów IP40;Rozdzielnica elektryczna podtynkowa 4 modułów, IP40, drzwi białe, z szyną TH35 i listwami N+PE, do mieszkań i biur.;100;123;23;PLN
ROZ-8-NT;Rozdzielnica natynkowa 8 modułów IP40;Rozdzielnica elektryczna natynkowa 8 modułów, IP40, drzwi białe, z szyną TH35 i listwami N+PE, do mieszkań i biur.;100;123;23;PLN
ROZ-8-PT;Rozdzielnica podtynkowa 8 modułów IP40;Rozdzielnica elektryczna podtynkowa 8 modułów, IP40, drzwi białe, z szyną TH35 i listwami N+PE, do mieszkań i biur.;100;123;23;PLN
ROZ-12-NT;Rozdzielnica natynkowa 12 modułów IP40;Rozdzielnica elektryczna natynkowa 12 modułów, IP40, drzwi białe, z szyną TH35 i listwami N+PE, do mieszkań i biur.;100;123;23;PLN
ROZ-12-PT;Rozdzielnica podtynkowa 12 modułów IP40;Rozdzielnica elektryczna podtynkowa 12 modułów, IP40, drzwi białe, z szyną TH35 i listwami N+PE, do mieszkań i biur.;100;123;23;PLN
ROZ-18-NT;Rozdzielnica natynkowa 18 modułów IP40;Rozdzielnica elektryczna natynkowa 18 modułów, IP40, drzwi białe, z szyną TH35 i listwami N+PE, do mieszkań i biur.;100;123;23;PLN
ROZ-18-PT;Rozdzielnica podtynkowa 18 modułów IP40;Rozdzielnica elektryczna podtynkowa 18 modułów, IP40, drzwi białe, z szyną TH35 i listwami N+PE, do mieszkań i biur.;100;123;23;PLN
ROZ-24-NT;Rozdzielnica natynkowa 24 modułów IP40;Rozdzielnica elektryczna natynkowa 24 modułów, IP40, drzwi białe, z szyną TH35 i listwami N+PE, do mieszkań i biur.;100;123;23;PLN
ROZ-24-PT;Rozdzielnica podtynkowa 24 modułów IP40;Rozdzielnica elektryczna podtynkowa 24 modułów, IP40, drzwi białe, z szyną TH35 i listwami N+PE, do mieszkań i biur.;100;123;23;PLN
ROZ-36-NT;Rozdzielnica natynkowa 36 modułów IP40;Rozdzielnica elektryczna natynkowa 36 modułów, IP40, drzwi białe, z szyną TH35 i listwami N+PE, do mieszkań i biur.;100;123;23;PLN
ROZ-36-PT;Rozdzielnica podtynkowa 36 modułów IP40;Rozdzielnica elektryczna podtynkowa 36 modułów, IP40, drzwi białe, z szyną TH35 i listwami N+PE, do mieszkań i biur.;100;123;23;PLN
ROZ-48-NT;Rozdzielnica natynkowa 48 modułów IP40;Rozdzielnica elektryczna natynkowa 48 modułów, IP40, drzwi białe, z szyną TH35 i listwami N+PE, do mieszkań i biur.;100;123;23;PLN
ROZ-48-PT;Rozdzielnica podtynkowa 48 modułów IP40;Rozdzielnica elektryczna podtynkowa 48 modułów, IP40, drzwi białe, z szyną TH35 i listwami N+PE, do mieszkań i biur.;100;123;23;PLN
ROZ-72-NT;Rozdzielnica natynkowa 72 modułów IP40;Rozdzielnica elektryczna natynkowa 72 modułów, IP40, drzwi białe, z szyną TH35 i listwami N+PE, do mieszkań i biur.;100;123;23;PLN
ROZ-72-PT;Rozdzielnica podtynkowa 72 modułów IP40;Rozdzielnica elektryczna podtynkowa 72 modułów, IP40, drzwi białe, z szyną TH35 i listwami N+PE, do mieszkań i biur.;100;123;23;PLN
LED-PAN-6060-30-3K;Panel LED 60x60 30W 3000K;Panel sufitowy LED 60x60 cm, moc 30W, barwa ciepła 3000K, strumień 3000lm, UGR<19, do sufitów modułowych kasetonowych.;100;123;23;PLN
LED-PAN-6060-30-4K;Panel LED 60x60 30W 4000K;Panel sufitowy LED 60x60 cm, moc 30W, barwa neutralna 4000K, strumień 3000lm, UGR<19, do sufitów modułowych kasetonowych.;100;123;23;PLN
LED-PAN-6060-30-6.5K;Panel LED 60x60 30W 6500K;Panel sufitowy LED 60x60 cm, moc 30W, barwa zimna 6500K, strumień 3000lm, UGR<19, do sufitów modułowych kasetonowych.;100;123;23;PLN
LED-PAN-6060-40-3K;Panel LED 60x60 40W 3000K;Panel sufitowy LED 60x60 cm, moc 40W, barwa ciepła 3000K, strumień 4000lm, UGR<19, do sufitów modułowych kasetonowych.;100;123;23;PLN
LED-PAN-6060-40-4K;Panel LED 60x60 40W 4000K;Panel sufitowy LED 60x60 cm, moc 40W, barwa neutralna 4000K, strumień 4000lm, UGR<19, do sufitów modułowych kasetonowych.;100;123;23;PLN
LED-PAN-6060-40-6.5K;Panel LED 60x60 40W 6500K;Panel sufitowy LED 60x60 cm, moc 40W, barwa zimna 6500K, strumień 4000lm, UGR<19, do sufitów modułowych kasetonowych.;100;123;23;PLN
LED-PAN-6060-50-3K;Panel LED 60x60 50W 3000K;Panel sufitowy LED 60x60 cm, moc 50W, barwa ciepła 3000K, strumień 5000lm, UGR<19, do sufitów modułowych kasetonowych.;100;123;23;PLN
LED-PAN-6060-50-4K;Panel LED 60x60 50W 4000K;Panel sufitowy LED 60x60 cm, moc 50W, barwa neutralna 4000K, strumień 5000lm, UGR<19, do sufitów modułowych kasetonowych.;100;123;23;PLN
LED-PAN-6060-50-6.5K;Panel LED 60x60 50W 6500K;Panel sufitowy LED 60x60 cm, moc 50W, barwa zimna 6500K, strumień 5000lm, UGR<19, do sufitów modułowych kasetonowych.;100;123;23;PLN
LED-PAN-30120-30-3K;Panel LED 30x120 30W 3000K;Panel sufitowy LED 30x120 cm, moc 30W, barwa ciepła 3000K, strumień 3000lm, UGR<19, do sufitów modułowych kasetonowych.;100;123;23;PLN
LED-PAN-30120-30-4K;Panel LED 30x120 30W 4000K;Panel sufitowy LED 30x120 cm, moc 30W, barwa neutralna 4000K, strumień 3000lm, UGR<19, do sufitów modułowych kasetonowych.;100;123;23;PLN
LED-PAN-30120-30-6.5K;Panel LED 30x120 30W 6500K;Panel sufitowy LED 30x120 cm, moc 30W, barwa zimna 6500K, strumień 3000lm, UGR<19, do sufitów modułowych kasetonowych.;100;123;23;PLN
LED-PAN-30120-40-3K;Panel LED 30x120 40W 3000K;Panel sufitowy LED 30x120 cm, moc 40W, barwa ciepła 3000K, strumień 4000lm, UGR<19, do sufitów modułowych kasetonowych.;100;123;23;PLN
LED-PAN-30120-40-4K;Panel LED 30x120 40W 4000K;Panel sufitowy LED 30x120 cm, moc 40W, barwa neutralna 4000K, strumień 4000lm, UGR<19, do sufitów modułowych kasetonowych.;100;123;23;PLN
LED-PAN-30120-40-6.5K;Panel LED 30x120 40W 6500K;Panel sufitowy LED 30x120 cm, moc 40W, barwa zimna 6500K, strumień 4000lm, UGR<19, do sufitów modułowych kasetonowych.;100;123;23;PLN
LED-PAN-30120-50-3K;Panel LED 30x120 50W 3000K;Panel sufitowy LED 30x120 cm, moc 50W, barwa ciepła 3000K, strumień 5000lm, UGR<19, do sufitów modułowych kasetonowych.;100;123;23;PLN
LED-PAN-30120-50-4K;Panel LED 30x120 50W 4000K;Panel sufitowy LED 30x120 cm, moc 50W, barwa neutralna 4000K, strumień 5000lm, UGR<19, do sufitów modułowych kasetonowych.;100;123;23;PLN
LED-PAN-30120-50-6.5K;Panel LED 30x120 50W 6500K;Panel sufitowy LED 30x120 cm, moc 50W, barwa zimna 6500K, strumień 5000lm, UGR<19, do sufitów modułowych kasetonowych.;100;123;23;PLN
LED-HERM-60-18;Oprawa hermetyczna LED 60cm 18W IP65;Oprawa liniowa hermetyczna LED 600 mm, 18W, 4000K, IP65, do garaży, piwnic i pomieszczeń wilgotnych. Klosz PC, montaż natynkowy.;100;123;23;PLN
LED-HERM-120-36;Oprawa hermetyczna LED 120cm 36W IP65;Oprawa liniowa hermetyczna LED 1200 mm, 36W, 4000K, IP65, do garaży, piwnic i pomieszczeń wilgotnych. Klosz PC, montaż natynkowy.;100;123;23;PLN
LED-HERM-150-48;Oprawa hermetyczna LED 150cm 48W IP65;Oprawa liniowa hermetyczna LED 1500 mm, 48W, 4000K, IP65, do garaży, piwnic i pomieszczeń wilgotnych. Klosz PC, montaż natynkowy.;100;123;23;PLN
LED-E27-6-3K;Żarówka LED E27 6W 3000K;Żarówka LED, trzonek E27, moc 6W, barwa ciepła 3000K, strumień ok. 630lm.;100;123;23;PLN
LED-E27-6-4K;Żarówka LED E27 6W 4000K;Żarówka LED, trzonek E27, moc 6W, barwa neutralna 4000K, strumień ok. 630lm.;100;123;23;PLN
LED-E27-6-6.5K;Żarówka LED E27 6W 6500K;Żarówka LED, trzonek E27, moc 6W, barwa zimna 6500K, strumień ok. 630lm.;100;123;23;PLN
LED-E27-9-3K;Żarówka LED E27 9W 3000K;Żarówka LED, trzonek E27, moc 9W, barwa ciepła 3000K, strumień ok. 945lm.;100;123;23;PLN
LED-E27-9-4K;Żarówka LED E27 9W 4000K;Żarówka LED, trzonek E27, moc 9W, barwa neutralna 4000K, strumień ok. 945lm.;100;123;23;PLN
LED-E27-9-6.5K;Żarówka LED E27 9W 6500K;Żarówka LED, trzonek E27, moc 9W, barwa zimna 6500K, strumień ok. 945lm.;100;123;23;PLN
LED-E27-10-3K;Żarówka LED E27 10W 3000K;Żarówka LED, trzonek E27, moc 10W, barwa ciepła 3000K, strumień ok. 1050lm.;100;123;23;PLN
LED-E27-10-4K;Żarówka LED E27 10W 4000K;Żarówka LED, trzonek E27, moc 10W, barwa neutralna 4000K, strumień ok. 1050lm.;100;123;23;PLN
LED-E27-10-6.5K;Żarówka LED E27 10W 6500K;Żarówka LED, trzonek E27, moc 10W, barwa zimna 6500K, strumień ok. 1050lm.;100;123;23;PLN
LED-E27-13-3K;Żarówka LED E27 13W 3000K;Żarówka LED, trzonek E27, moc 13W, barwa ciepła 3000K, strumień ok. 1365lm.;100;123;23;PLN
LED-E27-13-4K;Żarówka LED E27 13W 4000K;Żarówka LED, trzonek E27, moc 13W, barwa neutralna 4000K, strumień ok. 1365lm.;100;123;23;PLN
LED-E27-13-6.5K;Żarówka LED E27 13W 6500K;Żarówka LED, trzonek E27, moc 13W, barwa zimna 6500K, strumień ok. 1365lm.;100;123;23;PLN
LED-E27-18-3K;Żarówka LED E27 18W 3000K;Żarówka LED, trzonek E27, moc 18W, barwa ciepła 3000K, strumień ok. 1890lm.;100;123;23;PLN
LED-E27-18-4K;Żarówka LED E27 18W 4000K;Żarówka LED, trzonek E27, moc 18W, barwa neutralna 4000K, strumień ok. 1890lm.;100;123;23;PLN
LED-E27-18-6.5K;Żarówka LED E27 18W 6500K;Żarówka LED, trzonek E27, moc 18W, barwa zimna 6500K, strumień ok. 1890lm.;100;123;23;PLN
LED-E14-4-3K;Żarówka LED E14 4W 3000K;Żarówka LED, trzonek E14, moc 4W, barwa ciepła 3000K, strumień ok. 420lm.;100;123;23;PLN
LED-E14-4-4K;Żarówka LED E14 4W 4000K;Żarówka LED, trzonek E14, moc 4W, barwa neutralna 4000K, strumień ok. 420lm.;100;123;23;PLN
LED-E14-4-6.5K;Żarówka LED E14 4W 6500K;Żarówka LED, trzonek E14, moc 4W, barwa zimna 6500K, strumień ok. 420lm.;100;123;23;PLN
LED-E14-6-3K;Żarówka LED E14 6W 3000K;Żarówka LED, trzonek E14, moc 6W, barwa ciepła 3000K, strumień ok. 630lm.;100;123;23;PLN
LED-E14-6-4K;Żarówka LED E14 6W 4000K;Żarówka LED, trzonek E14, moc 6W, barwa neutralna 4000K, strumień ok. 630lm.;100;123;23;PLN
LED-E14-6-6.5K;Żarówka LED E14 6W 6500K;Żarówka LED, trzonek E14, moc 6W, barwa zimna 6500K, strumień ok. 630lm.;100;123;23;PLN
LED-E14-8-3K;Żarówka LED E14 8W 3000K;Żarówka LED, trzonek E14, moc 8W, barwa ciepła 3000K, strumień ok. 840lm.;100;123;23;PLN
LED-E14-8-4K;Żarówka LED E14 8W 4000K;Żarówka LED, trzonek E14, moc 8W, barwa neutralna 4000K, strumień ok. 840lm.;100;123;23;PLN
LED-E14-8-6.5K;Żarówka LED E14 8W 6500K;Żarówka LED, trzonek E14, moc 8W, barwa zimna 6500K, strumień ok. 840lm.;100;123;23;PLN
LED-GU10-35-3K;Żarówka LED GU10 3,5W 3000K;Żarówka LED, trzonek GU10, moc 3,5W, barwa ciepła 3000K, strumień ok. 368lm.;100;123;23;PLN
LED-GU10-35-4K;Żarówka LED GU10 3,5W 4000K;Żarówka LED, trzonek GU10, moc 3,5W, barwa neutralna 4000K, strumień ok. 368lm.;100;123;23;PLN
LED-GU10-35-6.5K;Żarówka LED GU10 3,5W 6500K;Żarówka LED, trzonek GU10, moc 3,5W, barwa zimna 6500K, strumień ok. 368lm.;100;123;23;PLN
LED-GU10-55-3K;Żarówka LED GU10 5,5W 3000K;Żarówka LED, trzonek GU10, moc 5,5W, barwa ciepła 3000K, strumień ok. 578lm.;100;123;23;PLN
LED-GU10-55-4K;Żarówka LED GU10 5,5W 4000K;Żarówka LED, trzonek GU10, moc 5,5W, barwa neutralna 4000K, strumień ok. 578lm.;100;123;23;PLN
LED-GU10-55-6.5K;Żarówka LED GU10 5,5W 6500K;Żarówka LED, trzonek GU10, moc 5,5W, barwa zimna 6500K, strumień ok. 578lm.;100;123;23;PLN
LED-GU10-7-3K;Żarówka LED GU10 7W 3000K;Żarówka LED, trzonek GU10, moc 7W, barwa ciepła 3000K, strumień ok. 735lm.;100;123;23;PLN
LED-GU10-7-4K;Żarówka LED GU10 7W 4000K;Żarówka LED, trzonek GU10, moc 7W, barwa neutralna 4000K, strumień ok. 735lm.;100;123;23;PLN
LED-GU10-7-6.5K;Żarówka LED GU10 7W 6500K;Żarówka LED, trzonek GU10, moc 7W, barwa zimna 6500K, strumień ok. 735lm.;100;123;23;PLN
NAS-LED-10-4K;Naświetlacz LED 10W 4000K IP65;Naświetlacz (halogen) LED 10W, barwa 4000K, IP65, obudowa aluminiowa, do oświetlenia placów, elewacji i terenu.;100;123;23;PLN
NAS-LED-10-6.5K;Naświetlacz LED 10W 6500K IP65;Naświetlacz (halogen) LED 10W, barwa 6500K, IP65, obudowa aluminiowa, do oświetlenia placów, elewacji i terenu.;100;123;23;PLN
NAS-LED-20-4K;Naświetlacz LED 20W 4000K IP65;Naświetlacz (halogen) LED 20W, barwa 4000K, IP65, obudowa aluminiowa, do oświetlenia placów, elewacji i terenu.;100;123;23;PLN
NAS-LED-20-6.5K;Naświetlacz LED 20W 6500K IP65;Naświetlacz (halogen) LED 20W, barwa 6500K, IP65, obudowa aluminiowa, do oświetlenia placów, elewacji i terenu.;100;123;23;PLN
NAS-LED-30-4K;Naświetlacz LED 30W 4000K IP65;Naświetlacz (halogen) LED 30W, barwa 4000K, IP65, obudowa aluminiowa, do oświetlenia placów, elewacji i terenu.;100;123;23;PLN
NAS-LED-30-6.5K;Naświetlacz LED 30W 6500K IP65;Naświetlacz (halogen) LED 30W, barwa 6500K, IP65, obudowa aluminiowa, do oświetlenia placów, elewacji i terenu.;100;123;23;PLN
NAS-LED-50-4K;Naświetlacz LED 50W 4000K IP65;Naświetlacz (halogen) LED 50W, barwa 4000K, IP65, obudowa aluminiowa, do oświetlenia placów, elewacji i terenu.;100;123;23;PLN
NAS-LED-50-6.5K;Naświetlacz LED 50W 6500K IP65;Naświetlacz (halogen) LED 50W, barwa 6500K, IP65, obudowa aluminiowa, do oświetlenia placów, elewacji i terenu.;100;123;23;PLN
NAS-LED-100-4K;Naświetlacz LED 100W 4000K IP65;Naświetlacz (halogen) LED 100W, barwa 4000K, IP65, obudowa aluminiowa, do oświetlenia placów, elewacji i terenu.;100;123;23;PLN
NAS-LED-100-6.5K;Naświetlacz LED 100W 6500K IP65;Naświetlacz (halogen) LED 100W, barwa 6500K, IP65, obudowa aluminiowa, do oświetlenia placów, elewacji i terenu.;100;123;23;PLN
NAS-LED-150-4K;Naświetlacz LED 150W 4000K IP65;Naświetlacz (halogen) LED 150W, barwa 4000K, IP65, obudowa aluminiowa, do oświetlenia placów, elewacji i terenu.;100;123;23;PLN
NAS-LED-150-6.5K;Naświetlacz LED 150W 6500K IP65;Naświetlacz (halogen) LED 150W, barwa 6500K, IP65, obudowa aluminiowa, do oświetlenia placów, elewacji i terenu.;100;123;23;PLN
NAS-LED-200-4K;Naświetlacz LED 200W 4000K IP65;Naświetlacz (halogen) LED 200W, barwa 4000K, IP65, obudowa aluminiowa, do oświetlenia placów, elewacji i terenu.;100;123;23;PLN
NAS-LED-200-6.5K;Naświetlacz LED 200W 6500K IP65;Naświetlacz (halogen) LED 200W, barwa 6500K, IP65, obudowa aluminiowa, do oświetlenia placów, elewacji i terenu.;100;123;23;PLN
ZAS-LED-12-20;Zasilacz LED 12V 20W;Zasilacz napięciowy do taśm i opraw LED, napięcie wyjściowe 12V DC, moc 20W, IP20, zabezpieczenie zwarciowe i przeciążeniowe.;100;123;23;PLN
ZAS-LED-12-40;Zasilacz LED 12V 40W;Zasilacz napięciowy do taśm i opraw LED, napięcie wyjściowe 12V DC, moc 40W, IP20, zabezpieczenie zwarciowe i przeciążeniowe.;100;123;23;PLN
ZAS-LED-12-60;Zasilacz LED 12V 60W;Zasilacz napięciowy do taśm i opraw LED, napięcie wyjściowe 12V DC, moc 60W, IP20, zabezpieczenie zwarciowe i przeciążeniowe.;100;123;23;PLN
ZAS-LED-12-100;Zasilacz LED 12V 100W;Zasilacz napięciowy do taśm i opraw LED, napięcie wyjściowe 12V DC, moc 100W, IP20, zabezpieczenie zwarciowe i przeciążeniowe.;100;123;23;PLN
ZAS-LED-12-150;Zasilacz LED 12V 150W;Zasilacz napięciowy do taśm i opraw LED, napięcie wyjściowe 12V DC, moc 150W, IP20, zabezpieczenie zwarciowe i przeciążeniowe.;100;123;23;PLN
ZAS-LED-12-200;Zasilacz LED 12V 200W;Zasilacz napięciowy do taśm i opraw LED, napięcie wyjściowe 12V DC, moc 200W, IP20, zabezpieczenie zwarciowe i przeciążeniowe.;100;123;23;PLN
ZAS-LED-24-20;Zasilacz LED 24V 20W;Zasilacz napięciowy do taśm i opraw LED, napięcie wyjściowe 24V DC, moc 20W, IP20, zabezpieczenie zwarciowe i przeciążeniowe.;100;123;23;PLN
ZAS-LED-24-40;Zasilacz LED 24V 40W;Zasilacz napięciowy do taśm i opraw LED, napięcie wyjściowe 24V DC, moc 40W, IP20, zabezpieczenie zwarciowe i przeciążeniowe.;100;123;23;PLN
ZAS-LED-24-60;Zasilacz LED 24V 60W;Zasilacz napięciowy do taśm i opraw LED, napięcie wyjściowe 24V DC, moc 60W, IP20, zabezpieczenie zwarciowe i przeciążeniowe.;100;123;23;PLN
ZAS-LED-24-100;Zasilacz LED 24V 100W;Zasilacz napięciowy do taśm i opraw LED, napięcie wyjściowe 24V DC, moc 100W, IP20, zabezpieczenie zwarciowe i przeciążeniowe.;100;123;23;PLN
ZAS-LED-24-150;Zasilacz LED 24V 150W;Zasilacz napięciowy do taśm i opraw LED, napięcie wyjściowe 24V DC, moc 150W, IP20, zabezpieczenie zwarciowe i przeciążeniowe.;100;123;23;PLN
ZAS-LED-24-200;Zasilacz LED 24V 200W;Zasilacz napięciowy do taśm i opraw LED, napięcie wyjściowe 24V DC, moc 200W, IP20, zabezpieczenie zwarciowe i przeciążeniowe.;100;123;23;PLN
ZAS-LED-48-20;Zasilacz LED 48V 20W;Zasilacz napięciowy do taśm i opraw LED, napięcie wyjściowe 48V DC, moc 20W, IP20, zabezpieczenie zwarciowe i przeciążeniowe.;100;123;23;PLN
ZAS-LED-48-40;Zasilacz LED 48V 40W;Zasilacz napięciowy do taśm i opraw LED, napięcie wyjściowe 48V DC, moc 40W, IP20, zabezpieczenie zwarciowe i przeciążeniowe.;100;123;23;PLN
ZAS-LED-48-60;Zasilacz LED 48V 60W;Zasilacz napięciowy do taśm i opraw LED, napięcie wyjściowe 48V DC, moc 60W, IP20, zabezpieczenie zwarciowe i przeciążeniowe.;100;123;23;PLN
ZAS-LED-48-100;Zasilacz LED 48V 100W;Zasilacz napięciowy do taśm i opraw LED, napięcie wyjściowe 48V DC, moc 100W, IP20, zabezpieczenie zwarciowe i przeciążeniowe.;100;123;23;PLN
ZAS-LED-48-150;Zasilacz LED 48V 150W;Zasilacz napięciowy do taśm i opraw LED, napięcie wyjściowe 48V DC, moc 150W, IP20, zabezpieczenie zwarciowe i przeciążeniowe.;100;123;23;PLN
ZAS-LED-48-200;Zasilacz LED 48V 200W;Zasilacz napięciowy do taśm i opraw LED, napięcie wyjściowe 48V DC, moc 200W, IP20, zabezpieczenie zwarciowe i przeciążeniowe.;100;123;23;PLN
TLED-12-48-3K;Taśma LED 12V 4,8W/m 3000K 5m;Taśma LED 12V DC, moc 4,8 W/m, barwa 3000K, rolka 5 m, IP20, samoprzylepna.;100;123;23;PLN
TLED-12-48-4K;Taśma LED 12V 4,8W/m 4000K 5m;Taśma LED 12V DC, moc 4,8 W/m, barwa 4000K, rolka 5 m, IP20, samoprzylepna.;100;123;23;PLN
TLED-12-48-6.5K;Taśma LED 12V 4,8W/m 6500K 5m;Taśma LED 12V DC, moc 4,8 W/m, barwa 6500K, rolka 5 m, IP20, samoprzylepna.;100;123;23;PLN
TLED-12-48-RGB;Taśma LED 12V 4,8W/m RGB 5m;Taśma LED 12V DC, moc 4,8 W/m, barwa RGB, rolka 5 m, IP20, samoprzylepna.;100;123;23;PLN
TLED-12-96-3K;Taśma LED 12V 9,6W/m 3000K 5m;Taśma LED 12V DC, moc 9,6 W/m, barwa 3000K, rolka 5 m, IP20, samoprzylepna.;100;123;23;PLN
TLED-12-96-4K;Taśma LED 12V 9,6W/m 4000K 5m;Taśma LED 12V DC, moc 9,6 W/m, barwa 4000K, rolka 5 m, IP20, samoprzylepna.;100;123;23;PLN
TLED-12-96-6.5K;Taśma LED 12V 9,6W/m 6500K 5m;Taśma LED 12V DC, moc 9,6 W/m, barwa 6500K, rolka 5 m, IP20, samoprzylepna.;100;123;23;PLN
TLED-12-96-RGB;Taśma LED 12V 9,6W/m RGB 5m;Taśma LED 12V DC, moc 9,6 W/m, barwa RGB, rolka 5 m, IP20, samoprzylepna.;100;123;23;PLN
TLED-12-144-3K;Taśma LED 12V 14,4W/m 3000K 5m;Taśma LED 12V DC, moc 14,4 W/m, barwa 3000K, rolka 5 m, IP20, samoprzylepna.;100;123;23;PLN
TLED-12-144-4K;Taśma LED 12V 14,4W/m 4000K 5m;Taśma LED 12V DC, moc 14,4 W/m, barwa 4000K, rolka 5 m, IP20, samoprzylepna.;100;123;23;PLN
TLED-12-144-6.5K;Taśma LED 12V 14,4W/m 6500K 5m;Taśma LED 12V DC, moc 14,4 W/m, barwa 6500K, rolka 5 m, IP20, samoprzylepna.;100;123;23;PLN
TLED-12-144-RGB;Taśma LED 12V 14,4W/m RGB 5m;Taśma LED 12V DC, moc 14,4 W/m, barwa RGB, rolka 5 m, IP20, samoprzylepna.;100;123;23;PLN
TLED-24-48-3K;Taśma LED 24V 4,8W/m 3000K 5m;Taśma LED 24V DC, moc 4,8 W/m, barwa 3000K, rolka 5 m, IP20, samoprzylepna.;100;123;23;PLN
TLED-24-48-4K;Taśma LED 24V 4,8W/m 4000K 5m;Taśma LED 24V DC, moc 4,8 W/m, barwa 4000K, rolka 5 m, IP20, samoprzylepna.;100;123;23;PLN
TLED-24-48-6.5K;Taśma LED 24V 4,8W/m 6500K 5m;Taśma LED 24V DC, moc 4,8 W/m, barwa 6500K, rolka 5 m, IP20, samoprzylepna.;100;123;23;PLN
TLED-24-48-RGB;Taśma LED 24V 4,8W/m RGB 5m;Taśma LED 24V DC, moc 4,8 W/m, barwa RGB, rolka 5 m, IP20, samoprzylepna.;100;123;23;PLN
TLED-24-96-3K;Taśma LED 24V 9,6W/m 3000K 5m;Taśma LED 24V DC, moc 9,6 W/m, barwa 3000K, rolka 5 m, IP20, samoprzylepna.;100;123;23;PLN
TLED-24-96-4K;Taśma LED 24V 9,6W/m 4000K 5m;Taśma LED 24V DC, moc 9,6 W/m, barwa 4000K, rolka 5 m, IP20, samoprzylepna.;100;123;23;PLN
TLED-24-96-6.5K;Taśma LED 24V 9,6W/m 6500K 5m;Taśma LED 24V DC, moc 9,6 W/m, barwa 6500K, rolka 5 m, IP20, samoprzylepna.;100;123;23;PLN
TLED-24-96-RGB;Taśma LED 24V 9,6W/m RGB 5m;Taśma LED 24V DC, moc 9,6 W/m, barwa RGB, rolka 5 m, IP20, samoprzylepna.;100;123;23;PLN
TLED-24-144-3K;Taśma LED 24V 14,4W/m 3000K 5m;Taśma LED 24V DC, moc 14,4 W/m, barwa 3000K, rolka 5 m, IP20, samoprzylepna.;100;123;23;PLN
TLED-24-144-4K;Taśma LED 24V 14,4W/m 4000K 5m;Taśma LED 24V DC, moc 14,4 W/m, barwa 4000K, rolka 5 m, IP20, samoprzylepna.;100;123;23;PLN
TLED-24-144-6.5K;Taśma LED 24V 14,4W/m 6500K 5m;Taśma LED 24V DC, moc 14,4 W/m, barwa 6500K, rolka 5 m, IP20, samoprzylepna.;100;123;23;PLN
TLED-24-144-RGB;Taśma LED 24V 14,4W/m RGB 5m;Taśma LED 24V DC, moc 14,4 W/m, barwa RGB, rolka 5 m, IP20, samoprzylepna.;100;123;23;PLN
GNI-PT-1-BI;Gniazdo podtynkowe pojedyncze z uziemieniem białe;Gniazdo wtyczkowe podtynkowe 2P+Z, 16A/250V, pojedyncze, kolor białe, zaciski śrubowe, ramka w komplecie.;100;123;23;PLN
GNI-PT-2-BI;Gniazdo podtynkowe podwójne z uziemieniem białe;Gniazdo wtyczkowe podtynkowe podwójne 2x(2P+Z), 16A/250V, kolor białe, zaciski śrubowe, ramka w komplecie.;100;123;23;PLN
GNI-PT-USB-BI;Gniazdo podtynkowe z ładowarką USB białe;Gniazdo wtyczkowe podtynkowe 2P+Z 16A/250V z podwójną ładowarką USB-A+C 2,4A, kolor białe, ramka w komplecie.;100;123;23;PLN
GNI-HERM-IP44-BI;Gniazdo natynkowe hermetyczne IP44 z klapką białe;Gniazdo wtyczkowe natynkowe bryzgoszczelne 2P+Z, 16A/250V, IP44, z klapką, kolor białe, do pomieszczeń wilgotnych i na zewnątrz.;100;123;23;PLN
GNI-PT-1-CZ;Gniazdo podtynkowe pojedyncze z uziemieniem czarne;Gniazdo wtyczkowe podtynkowe 2P+Z, 16A/250V, pojedyncze, kolor czarne, zaciski śrubowe, ramka w komplecie.;100;123;23;PLN
GNI-PT-2-CZ;Gniazdo podtynkowe podwójne z uziemieniem czarne;Gniazdo wtyczkowe podtynkowe podwójne 2x(2P+Z), 16A/250V, kolor czarne, zaciski śrubowe, ramka w komplecie.;100;123;23;PLN
GNI-PT-USB-CZ;Gniazdo podtynkowe z ładowarką USB czarne;Gniazdo wtyczkowe podtynkowe 2P+Z 16A/250V z podwójną ładowarką USB-A+C 2,4A, kolor czarne, ramka w komplecie.;100;123;23;PLN
GNI-HERM-IP44-CZ;Gniazdo natynkowe hermetyczne IP44 z klapką czarne;Gniazdo wtyczkowe natynkowe bryzgoszczelne 2P+Z, 16A/250V, IP44, z klapką, kolor czarne, do pomieszczeń wilgotnych i na zewnątrz.;100;123;23;PLN
GNI-PT-1-SR;Gniazdo podtynkowe pojedyncze z uziemieniem srebrne;Gniazdo wtyczkowe podtynkowe 2P+Z, 16A/250V, pojedyncze, kolor srebrne, zaciski śrubowe, ramka w komplecie.;100;123;23;PLN
GNI-PT-2-SR;Gniazdo podtynkowe podwójne z uziemieniem srebrne;Gniazdo wtyczkowe podtynkowe podwójne 2x(2P+Z), 16A/250V, kolor srebrne, zaciski śrubowe, ramka w komplecie.;100;123;23;PLN
GNI-PT-USB-SR;Gniazdo podtynkowe z ładowarką USB srebrne;Gniazdo wtyczkowe podtynkowe 2P+Z 16A/250V z podwójną ładowarką USB-A+C 2,4A, kolor srebrne, ramka w komplecie.;100;123;23;PLN
GNI-HERM-IP44-SR;Gniazdo natynkowe hermetyczne IP44 z klapką srebrne;Gniazdo wtyczkowe natynkowe bryzgoszczelne 2P+Z, 16A/250V, IP44, z klapką, kolor srebrne, do pomieszczeń wilgotnych i na zewnątrz.;100;123;23;PLN
LACZ-1-BI;Łącznik jednobiegunowy biały podtynkowy;Łącznik instalacyjny jednobiegunowy (wyłącznik światła), podtynkowy, 10AX/250V, kolor biały, ramka w komplecie.;100;123;23;PLN
LACZ-1-CZ;Łącznik jednobiegunowy czarny podtynkowy;Łącznik instalacyjny jednobiegunowy (wyłącznik światła), podtynkowy, 10AX/250V, kolor czarny, ramka w komplecie.;100;123;23;PLN
LACZ-1-SR;Łącznik jednobiegunowy srebrny podtynkowy;Łącznik instalacyjny jednobiegunowy (wyłącznik światła), podtynkowy, 10AX/250V, kolor srybrne, ramka w komplecie.;100;123;23;PLN
LACZ-SW-BI;Łącznik świecznikowy biały podtynkowy;Łącznik instalacyjny świecznikowy (podwójny, dwa obwody oświetlenia), podtynkowy, 10AX/250V, kolor biały, ramka w komplecie.;100;123;23;PLN
LACZ-SW-CZ;Łącznik świecznikowy czarny podtynkowy;Łącznik instalacyjny świecznikowy (podwójny, dwa obwody oświetlenia), podtynkowy, 10AX/250V, kolor czarny, ramka w komplecie.;100;123;23;PLN
LACZ-SW-SR;Łącznik świecznikowy srebrny podtynkowy;Łącznik instalacyjny świecznikowy (podwójny, dwa obwody oświetlenia), podtynkowy, 10AX/250V, kolor srybrne, ramka w komplecie.;100;123;23;PLN
LACZ-SCH-BI;Łącznik schodowy biały podtynkowy;Łącznik instalacyjny schodowy do sterowania oświetleniem z dwóch miejsc, podtynkowy, 10AX/250V, kolor biały, ramka w komplecie.;100;123;23;PLN
LACZ-SCH-CZ;Łącznik schodowy czarny podtynkowy;Łącznik instalacyjny schodowy do sterowania oświetleniem z dwóch miejsc, podtynkowy, 10AX/250V, kolor czarny, ramka w komplecie.;100;123;23;PLN
LACZ-SCH-SR;Łącznik schodowy srebrny podtynkowy;Łącznik instalacyjny schodowy do sterowania oświetleniem z dwóch miejsc, podtynkowy, 10AX/250V, kolor srybrne, ramka w komplecie.;100;123;23;PLN
LACZ-KRZ-BI;Łącznik krzyżowy biały podtynkowy;Łącznik instalacyjny krzyżowy do sterowania oświetleniem z trzech i więcej miejsc, podtynkowy, 10AX/250V, kolor biały, ramka w komplecie.;100;123;23;PLN
LACZ-KRZ-CZ;Łącznik krzyżowy czarny podtynkowy;Łącznik instalacyjny krzyżowy do sterowania oświetleniem z trzech i więcej miejsc, podtynkowy, 10AX/250V, kolor czarny, ramka w komplecie.;100;123;23;PLN
LACZ-KRZ-SR;Łącznik krzyżowy srebrny podtynkowy;Łącznik instalacyjny krzyżowy do sterowania oświetleniem z trzech i więcej miejsc, podtynkowy, 10AX/250V, kolor srybrne, ramka w komplecie.;100;123;23;PLN
LACZ-DZW-BI;Łącznik dzwonkowy biały podtynkowy;Łącznik instalacyjny dzwonkowy (przycisk monostabilny), podtynkowy, 10AX/250V, kolor biały, ramka w komplecie.;100;123;23;PLN
LACZ-DZW-CZ;Łącznik dzwonkowy czarny podtynkowy;Łącznik instalacyjny dzwonkowy (przycisk monostabilny), podtynkowy, 10AX/250V, kolor czarny, ramka w komplecie.;100;123;23;PLN
LACZ-DZW-SR;Łącznik dzwonkowy srebrny podtynkowy;Łącznik instalacyjny dzwonkowy (przycisk monostabilny), podtynkowy, 10AX/250V, kolor srybrne, ramka w komplecie.;100;123;23;PLN
LACZ-ZAL-BI;Łącznik żaluzjowy biały podtynkowy;Łącznik instalacyjny żaluzjowy do sterowania roletami, podtynkowy, 10AX/250V, kolor biały, ramka w komplecie.;100;123;23;PLN
LACZ-ZAL-CZ;Łącznik żaluzjowy czarny podtynkowy;Łącznik instalacyjny żaluzjowy do sterowania roletami, podtynkowy, 10AX/250V, kolor czarny, ramka w komplecie.;100;123;23;PLN
LACZ-ZAL-SR;Łącznik żaluzjowy srebrny podtynkowy;Łącznik instalacyjny żaluzjowy do sterowania roletami, podtynkowy, 10AX/250V, kolor srybrne, ramka w komplecie.;100;123;23;PLN
ZL-221-412;Szybkozłączka instalacyjna 2-przewodowa 4mm²;Złączka typu WAGO 221 z dźwigniami, 2 przewody drutowe lub linkowe 0,2–4 mm², 32A/450V. Wielokrotnego użytku, przezroczysta obudowa.;100;123;23;PLN
ZL-221-413;Szybkozłączka instalacyjna 3-przewodowa 4mm²;Złączka typu WAGO 221 z dźwigniami, 3 przewody drutowe lub linkowe 0,2–4 mm², 32A/450V. Wielokrotnego użytku, przezroczysta obudowa.;100;123;23;PLN
ZL-221-415;Szybkozłączka instalacyjna 5-przewodowa 4mm²;Złączka typu WAGO 221 z dźwigniami, 5 przewodów drutowych lub linkowych 0,2–4 mm², 32A/450V. Wielokrotnego użytku, przezroczysta obudowa.;100;123;23;PLN
ZL-221-612;Szybkozłączka instalacyjna 2-przewodowa 6mm²;Złączka typu WAGO 221 z dźwigniami, 2 przewody drutowe lub linkowe 0,2–6 mm², 32A/450V. Wielokrotnego użytku, przezroczysta obudowa.;100;123;23;PLN
ZL-221-613;Szybkozłączka instalacyjna 3-przewodowa 6mm²;Złączka typu WAGO 221 z dźwigniami, 3 przewody drutowe lub linkowe 0,2–6 mm², 32A/450V. Wielokrotnego użytku, przezroczysta obudowa.;100;123;23;PLN
ZL-221-615;Szybkozłączka instalacyjna 5-przewodowa 6mm²;Złączka typu WAGO 221 z dźwigniami, 5 przewodów drutowych lub linkowych 0,2–6 mm², 32A/450V. Wielokrotnego użytku, przezroczysta obudowa.;100;123;23;PLN
ZL-2273-102;Złączka do puszek 2-przewodowa 2,5mm²;Złączka wciskana typu WAGO 2273 do puszek instalacyjnych, 2 przewodów drutowych 0,5–2,5 mm², 24A/450V, kompaktowa.;100;123;23;PLN
ZL-2273-103;Złączka do puszek 3-przewodowa 2,5mm²;Złączka wciskana typu WAGO 2273 do puszek instalacyjnych, 3 przewodów drutowych 0,5–2,5 mm², 24A/450V, kompaktowa.;100;123;23;PLN
ZL-2273-105;Złączka do puszek 5-przewodowa 2,5mm²;Złączka wciskana typu WAGO 2273 do puszek instalacyjnych, 5 przewodów drutowych 0,5–2,5 mm², 24A/450V, kompaktowa.;100;123;23;PLN
ZL-2273-108;Złączka do puszek 8-przewodowa 2,5mm²;Złączka wciskana typu WAGO 2273 do puszek instalacyjnych, 8 przewodów drutowych 0,5–2,5 mm², 24A/450V, kompaktowa.;100;123;23;PLN
LIS-ZAC-12-25;Listwa zaciskowa 12-torowa 2,5mm²;Listwa zaciskowa gwintowa (kostka elektryczna) 12 torów, przekrój do 2,5 mm², poliamid, 450V, do łączenia przewodów.;100;123;23;PLN
LIS-ZAC-12-4;Listwa zaciskowa 12-torowa 4mm²;Listwa zaciskowa gwintowa (kostka elektryczna) 12 torów, przekrój do 4 mm², poliamid, 450V, do łączenia przewodów.;100;123;23;PLN
LIS-ZAC-12-6;Listwa zaciskowa 12-torowa 6mm²;Listwa zaciskowa gwintowa (kostka elektryczna) 12 torów, przekrój do 6 mm², poliamid, 450V, do łączenia przewodów.;100;123;23;PLN
LIS-ZAC-12-10;Listwa zaciskowa 12-torowa 10mm²;Listwa zaciskowa gwintowa (kostka elektryczna) 12 torów, przekrój do 10 mm², poliamid, 450V, do łączenia przewodów.;100;123;23;PLN
LIS-ZAC-12-16;Listwa zaciskowa 12-torowa 16mm²;Listwa zaciskowa gwintowa (kostka elektryczna) 12 torów, przekrój do 16 mm², poliamid, 450V, do łączenia przewodów.;100;123;23;PLN
TAS-IZO-19-BK;Taśma izolacyjna PVC 19mm czarna;Taśma elektroizolacyjna PVC 19 mm x 20 m, kolor czarna, samogasnąca, odporna na UV, do izolowania połączeń do 400V.;100;123;23;PLN
TAS-IZO-19-BU;Taśma izolacyjna PVC 19mm niebieska;Taśma elektroizolacyjna PVC 19 mm x 20 m, kolor niebieska, samogasnąca, odporna na UV, do izolowania połączeń do 400V.;100;123;23;PLN
TAS-IZO-19-RD;Taśma izolacyjna PVC 19mm czerwona;Taśma elektroizolacyjna PVC 19 mm x 20 m, kolor czerwona, samogasnąca, odporna na UV, do izolowania połączeń do 400V.;100;123;23;PLN
TAS-IZO-19-YG;Taśma izolacyjna PVC 19mm żółto-zielona;Taśma elektroizolacyjna PVC 19 mm x 20 m, kolor żółto-zielona, samogasnąca, odporna na UV, do izolowania połączeń do 400V.;100;123;23;PLN
TAS-IZO-19-WH;Taśma izolacyjna PVC 19mm biała;Taśma elektroizolacyjna PVC 19 mm x 20 m, kolor biała, samogasnąca, odporna na UV, do izolowania połączeń do 400V.;100;123;23;PLN
OPK-KAB-100-BK;Opaski kablowe 100mm czarne 100szt;Opaski zaciskowe (trytytki) 100 mm, kolor czarne, odporne na UV, poliamid 6.6. Opakowanie 100 sztuk.;100;123;23;PLN
OPK-KAB-100-NT;Opaski kablowe 100mm naturalne (białe) 100szt;Opaski zaciskowe (trytytki) 100 mm, kolor naturalne (białe), odporne na UV, poliamid 6.6. Opakowanie 100 sztuk.;100;123;23;PLN
OPK-KAB-140-BK;Opaski kablowe 140mm czarne 100szt;Opaski zaciskowe (trytytki) 140 mm, kolor czarne, odporne na UV, poliamid 6.6. Opakowanie 100 sztuk.;100;123;23;PLN
OPK-KAB-140-NT;Opaski kablowe 140mm naturalne (białe) 100szt;Opaski zaciskowe (trytytki) 140 mm, kolor naturalne (białe), odporne na UV, poliamid 6.6. Opakowanie 100 sztuk.;100;123;23;PLN
OPK-KAB-200-BK;Opaski kablowe 200mm czarne 100szt;Opaski zaciskowe (trytytki) 200 mm, kolor czarne, odporne na UV, poliamid 6.6. Opakowanie 100 sztuk.;100;123;23;PLN
OPK-KAB-200-NT;Opaski kablowe 200mm naturalne (białe) 100szt;Opaski zaciskowe (trytytki) 200 mm, kolor naturalne (białe), odporne na UV, poliamid 6.6. Opakowanie 100 sztuk.;100;123;23;PLN
OPK-KAB-300-BK;Opaski kablowe 300mm czarne 100szt;Opaski zaciskowe (trytytki) 300 mm, kolor czarne, odporne na UV, poliamid 6.6. Opakowanie 100 sztuk.;100;123;23;PLN
OPK-KAB-300-NT;Opaski kablowe 300mm naturalne (białe) 100szt;Opaski zaciskowe (trytytki) 300 mm, kolor naturalne (białe), odporne na UV, poliamid 6.6. Opakowanie 100 sztuk.;100;123;23;PLN
OPK-KAB-370-BK;Opaski kablowe 370mm czarne 100szt;Opaski zaciskowe (trytytki) 370 mm, kolor czarne, odporne na UV, poliamid 6.6. Opakowanie 100 sztuk.;100;123;23;PLN
OPK-KAB-370-NT;Opaski kablowe 370mm naturalne (białe) 100szt;Opaski zaciskowe (trytytki) 370 mm, kolor naturalne (białe), odporne na UV, poliamid 6.6. Opakowanie 100 sztuk.;100;123;23;PLN
OPK-KAB-540-BK;Opaski kablowe 540mm czarne 100szt;Opaski zaciskowe (trytytki) 540 mm, kolor czarne, odporne na UV, poliamid 6.6. Opakowanie 100 sztuk.;100;123;23;PLN
OPK-KAB-540-NT;Opaski kablowe 540mm naturalne (białe) 100szt;Opaski zaciskowe (trytytki) 540 mm, kolor naturalne (białe), odporne na UV, poliamid 6.6. Opakowanie 100 sztuk.;100;123;23;PLN
UCH-KAB-6;Uchwyt kablowy typu flop fi6 100szt;Uchwyt kablowy z tworzywa (flop) z kołkiem szybkiego montażu, do przewodów o średnicy 6 mm. Opakowanie 100 sztuk.;100;123;23;PLN
UCH-KAB-8;Uchwyt kablowy typu flop fi8 100szt;Uchwyt kablowy z tworzywa (flop) z kołkiem szybkiego montażu, do przewodów o średnicy 8 mm. Opakowanie 100 sztuk.;100;123;23;PLN
UCH-KAB-10;Uchwyt kablowy typu flop fi10 100szt;Uchwyt kablowy z tworzywa (flop) z kołkiem szybkiego montażu, do przewodów o średnicy 10 mm. Opakowanie 100 sztuk.;100;123;23;PLN
UCH-KAB-12;Uchwyt kablowy typu flop fi12 100szt;Uchwyt kablowy z tworzywa (flop) z kołkiem szybkiego montażu, do przewodów o średnicy 12 mm. Opakowanie 100 sztuk.;100;123;23;PLN
UCH-KAB-16;Uchwyt kablowy typu flop fi16 100szt;Uchwyt kablowy z tworzywa (flop) z kołkiem szybkiego montażu, do przewodów o średnicy 16 mm. Opakowanie 100 sztuk.;100;123;23;PLN
UCH-KAB-20;Uchwyt kablowy typu flop fi20 100szt;Uchwyt kablowy z tworzywa (flop) z kołkiem szybkiego montażu, do przewodów o średnicy 20 mm. Opakowanie 100 sztuk.;100;123;23;PLN
UCH-KAB-25;Uchwyt kablowy typu flop fi25 100szt;Uchwyt kablowy z tworzywa (flop) z kołkiem szybkiego montażu, do przewodów o średnicy 25 mm. Opakowanie 100 sztuk.;100;123;23;PLN
SRU-M6-A2;Śruba M6 nierdzewna A2 z nakrętką 50szt;Śruba sześciokątna M6x60 ze stali nierdzewnej A2 z nakrętką i podkładką, opakowanie 50 kompletów.;100;123;23;PLN
SRU-M8-A2;Śruba M8 nierdzewna A2 z nakrętką 50szt;Śruba sześciokątna M8x60 ze stali nierdzewnej A2 z nakrętką i podkładką, opakowanie 50 kompletów.;100;123;23;PLN
SRU-M10-A2;Śruba M10 nierdzewna A2 z nakrętką 50szt;Śruba sześciokątna M10x60 ze stali nierdzewnej A2 z nakrętką i podkładką, opakowanie 50 kompletów.;100;123;23;PLN
SRU-M12-A2;Śruba M12 nierdzewna A2 z nakrętką 50szt;Śruba sześciokątna M12x60 ze stali nierdzewnej A2 z nakrętką i podkładką, opakowanie 50 kompletów.;100;123;23;PLN
CZJ-RUCH-120-IP44;Czujnik ruchu 120° ścienny IP44;Czujnik ruchu PIR montowany na ścianie, kąt detekcji 120 stopni, zasięg do 12m, IP44, obciążenie do 1200W, regulacja czasu i czułości.;100;123;23;PLN
CZJ-RUCH-180-IP44;Czujnik ruchu 180° ścienny IP44;Czujnik ruchu PIR montowany na ścianie, kąt detekcji 180 stopni, zasięg do 12m, IP44, obciążenie do 1200W, regulacja czasu i czułości.;100;123;23;PLN
CZJ-RUCH-360;Czujnik ruchu 360° sufitowy;Czujnik ruchu PIR montowany na suficie, kąt detekcji 360 stopni, zasięg do 6m, IP20, obciążenie do 1200W, regulacja czasu i czułości.;100;123;23;PLN
CZJ-RUCH-360-IP65;Czujnik ruchu 360° sufitowy hermetyczny IP65;Czujnik ruchu PIR montowany na suficie, kąt detekcji 360 stopni, zasięg do 8m, IP65, do pomieszczeń wilgotnych, obciążenie do 1200W.;100;123;23;PLN
CZJ-RUCH-MW;Czujnik ruchu mikrofalowy 360°;Czujnik ruchu mikrofalowy 5,8GHz, detekcja 360 stopni przez cienkie przegrody, zasięg do 16m, IP20, montaż sufitowy.;100;123;23;PLN
CZJ-ZMIE-IP44;Czujnik zmierzchowy IP44;Wyłącznik zmierzchowy natynkowy, próg zadziałania 2–100 lx, obciążenie 2300W, IP44, do sterowania oświetleniem zewnętrznym.;100;123;23;PLN
CZJ-ZAL-01;Czujnik zalania;Detektor wycieku wody do kotłowni, łazienek i kuchni. Sygnalizacja akustyczna 85dB po wykryciu cieczy, zasilanie bateryjne, montaż podłogowy.;100;123;23;PLN
CZJ-CZAD-01;Czujnik czadu;Detektor tlenku węgla (czadu) z sygnalizacją akustyczną i optyczną, wyświetlacz LCD, zasilanie bateryjne, żywotność sensora 10 lat.;100;123;23;PLN
CZJ-DYM-01;Czujnik dymu;Optyczny detektor dymu z sygnalizacją akustyczną 85dB, zasilanie bateryjne, przycisk testu, montaż sufitowy.;100;123;23;PLN
PRZ-BEB-25;Przedłużacz bębnowy 25m 4 gniazda;Przedłużacz na bębnie, przewód 3x1,5 mm² długości 25 m, 4 gniazda z uziemieniem, zabezpieczenie termiczne, IP20.;100;123;23;PLN
PRZ-BEB-40;Przedłużacz bębnowy 40m 4 gniazda;Przedłużacz na bębnie, przewód 3x1,5 mm² długości 40 m, 4 gniazda z uziemieniem, zabezpieczenie termiczne, IP20.;100;123;23;PLN
PRZ-BEB-50;Przedłużacz bębnowy 50m 4 gniazda;Przedłużacz na bębnie, przewód 3x1,5 mm² długości 50 m, 4 gniazda z uziemieniem, zabezpieczenie termiczne, IP20.;100;123;23;PLN
PRZ-LIS-15-3;Przedłużacz listwowy 1,5m 3 gniazd;Przedłużacz listwowy 3 gniazd z uziemieniem, przewód 3x1,5 mm² długości 1,5 m, z wyłącznikiem podświetlanym.;100;123;23;PLN
PRZ-LIS-15-5;Przedłużacz listwowy 1,5m 5 gniazd;Przedłużacz listwowy 5 gniazd z uziemieniem, przewód 3x1,5 mm² długości 1,5 m, z wyłącznikiem podświetlanym.;100;123;23;PLN
PRZ-LIS-3-3;Przedłużacz listwowy 3m 3 gniazd;Przedłużacz listwowy 3 gniazd z uziemieniem, przewód 3x1,5 mm² długości 3 m, z wyłącznikiem podświetlanym.;100;123;23;PLN
PRZ-LIS-3-5;Przedłużacz listwowy 3m 5 gniazd;Przedłużacz listwowy 5 gniazd z uziemieniem, przewód 3x1,5 mm² długości 3 m, z wyłącznikiem podświetlanym.;100;123;23;PLN
PRZ-LIS-5-3;Przedłużacz listwowy 5m 3 gniazd;Przedłużacz listwowy 3 gniazd z uziemieniem, przewód 3x1,5 mm² długości 5 m, z wyłącznikiem podświetlanym.;100;123;23;PLN
PRZ-LIS-5-5;Przedłużacz listwowy 5m 5 gniazd;Przedłużacz listwowy 5 gniazd z uziemieniem, przewód 3x1,5 mm² długości 5 m, z wyłącznikiem podświetlanym.;100;123;23;PLN
PRZ-LIS-10-3;Przedłużacz listwowy 10m 3 gniazd;Przedłużacz listwowy 3 gniazd z uziemieniem, przewód 3x1,5 mm² długości 10 m, z wyłącznikiem podświetlanym.;100;123;23;PLN
PRZ-LIS-10-5;Przedłużacz listwowy 10m 5 gniazd;Przedłużacz listwowy 5 gniazd z uziemieniem, przewód 3x1,5 mm² długości 10 m, z wyłącznikiem podświetlanym.;100;123;23;PLN
DZW-BEZP-100;Dzwonek bezprzewodowy zasięg 100m;Dzwonek do drzwi bezprzewodowy, zasięg do 100 m w terenie otwartym, 36 melodii, przycisk IP44, gniazdkowy 230V.;100;123;23;PLN
DZW-PRZEW-230;Dzwonek przewodowy dwutonowy 230V;Dzwonek do drzwi przewodowy dwutonowy gong, zasilanie 230V AC, montaż natynkowy.;100;123;23;PLN
TRA-DZW-8V;Transformator dzwonkowy 8V;Transformator dzwonkowy modułowy na szynę DIN, wejście 230V, wyjście 8V AC 1A, do zasilania dzwonków przewodowych.;100;123;23;PLN
MIER-MULTI-CY;Multimetr cyfrowy;Miernik uniwersalny cyfrowy: pomiar napięcia AC/DC do 600V, prądu, rezystancji, test ciągłości i diód, wyświetlacz LCD z podświetleniem.;100;123;23;PLN
MIER-CEG-AC;Miernik cęgowy AC;Miernik cęgowy do pomiaru prądu AC do 400A bez rozłączania obwodu, dodatkowo napięcie i rezystancja, wyświetlacz LCD.;100;123;23;PLN
PROB-NAP-NEO;Próbnik napięcia neonowy;Wskaźnik napięcia neonowy w formie wkrętaka płaskiego, zakres 100–500V AC, do szybkiego sprawdzania obecności fazy.;100;123;23;PLN
PROB-NAP-2P;Próbnik napięcia dwubiegunowy;Dwubiegunowy wskaźnik napięcia 12–690V AC/DC z sygnalizacją LED i testem ciągłości, IP64, kategorii CAT III.;100;123;23;PLN
LAT-CZO-350;Latarka czołowa LED 350lm;Latarka warsztatowa na głowę (czołówka), dioda LED 350 lumenów, 3 tryby świecenia, regulowany kąt, zasilanie akumulatorowe USB. Wariant czołowa.;100;123;23;PLN
LAT-CZO-500;Latarka czołowa LED 500lm;Latarka warsztatowa na głowę (czołówka), dioda LED 500 lumenów, 3 tryby świecenia, regulowany kąt, zasilanie akumulatorowe USB. Wariant czołowa.;100;123;23;PLN
LAT-RECZ-300;Latarka ręczna LED 300lm;Latarka ręczna warsztatowa LED 300 lumenów, obudowa aluminiowa, zasilanie akumulatorowe USB-C, klips i magnes.;100;123;23;PLN
LAT-RECZ-600;Latarka ręczna LED 600lm;Latarka ręczna warsztatowa LED 600 lumenów, obudowa aluminiowa, zasilanie akumulatorowe USB-C, klips i magnes.;100;123;23;PLN
WKR-PH0-VDE;Wkrętak izolowany PH0 VDE 1000V;Wkrętak elektryka z izolacją VDE do 1000V, końcówka PH0, ergonomiczna rękojeść dwukomponentowa.;100;123;23;PLN
WKR-PH1-VDE;Wkrętak izolowany PH1 VDE 1000V;Wkrętak elektryka z izolacją VDE do 1000V, końcówka PH1, ergonomiczna rękojeść dwukomponentowa.;100;123;23;PLN
WKR-PH2-VDE;Wkrętak izolowany PH2 VDE 1000V;Wkrętak elektryka z izolacją VDE do 1000V, końcówka PH2, ergonomiczna rękojeść dwukomponentowa.;100;123;23;PLN
WKR-PH3-VDE;Wkrętak izolowany PH3 VDE 1000V;Wkrętak elektryka z izolacją VDE do 1000V, końcówka PH3, ergonomiczna rękojeść dwukomponentowa.;100;123;23;PLN
WKR-PZ1-VDE;Wkrętak izolowany PZ1 VDE 1000V;Wkrętak elektryka z izolacją VDE do 1000V, końcówka PZ1, ergonomiczna rękojeść dwukomponentowa.;100;123;23;PLN
WKR-PZ2-VDE;Wkrętak izolowany PZ2 VDE 1000V;Wkrętak elektryka z izolacją VDE do 1000V, końcówka PZ2, ergonomiczna rękojeść dwukomponentowa.;100;123;23;PLN
WKR-PL35-VDE;Wkrętak izolowany płaski 3,5mm VDE 1000V;Wkrętak elektryka z izolacją VDE do 1000V, końcówka płaski 3,5mm, ergonomiczna rękojeść dwukomponentowa.;100;123;23;PLN
WKR-PL4-VDE;Wkrętak izolowany płaski 4mm VDE 1000V;Wkrętak elektryka z izolacją VDE do 1000V, końcówka płaski 4mm, ergonomiczna rękojeść dwukomponentowa.;100;123;23;PLN
WKR-PL55-VDE;Wkrętak izolowany płaski 5,5mm VDE 1000V;Wkrętak elektryka z izolacją VDE do 1000V, końcówka płaski 5,5mm, ergonomiczna rękojeść dwukomponentowa.;100;123;23;PLN
WKR-PL65-VDE;Wkrętak izolowany płaski 6,5mm VDE 1000V;Wkrętak elektryka z izolacją VDE do 1000V, końcówka płaski 6,5mm, ergonomiczna rękojeść dwukomponentowa.;100;123;23;PLN
SZCZ-BOCZ-160;Szczypce boczne 160mm VDE;Szczypce tnące boczne 160 mm z izolacją VDE 1000V, do cięcia przewodów miedzianych i aluminiowych.;100;123;23;PLN
SZCZ-UNIW-180;Szczypce uniwersalne 180mm VDE;Szczypce uniwersalne (kombinerki) 180 mm z izolacją VDE 1000V, szczęki tnące i chwytne.;100;123;23;PLN
SCIAG-IZO-AUTO;Ściągacz izolacji automatyczny;Automatyczny ściągacz izolacji do przewodów 0,2–6 mm² z obcinarką, samoregulujący.;100;123;23;PLN
NOZ-MONT-ELE;Nóż monterski z ostrzem hakowym;Nóż elektryka z ostrzem hakowym do ściągania izolacji kabli okrągłych, rękojeść z tworzywa.;100;123;23;PLN
RAM-1-BI;Ramka 1-krotna biała;Ramka instalacyjna 1-krotna do osprzętu podtynkowego, montaż poziomy i pionowy, kolor biała.;100;123;23;PLN
RAM-1-CZ;Ramka 1-krotna czarna;Ramka instalacyjna 1-krotna do osprzętu podtynkowego, montaż poziomy i pionowy, kolor czarna.;100;123;23;PLN
RAM-1-SR;Ramka 1-krotna srabrne;Ramka instalacyjna 1-krotna do osprzętu podtynkowego, montaż poziomy i pionowy, kolor srabrne.;100;123;23;PLN
RAM-2-BI;Ramka 2-krotna biała;Ramka instalacyjna 2-krotna do osprzętu podtynkowego, montaż poziomy i pionowy, kolor biała.;100;123;23;PLN
RAM-2-CZ;Ramka 2-krotna czarna;Ramka instalacyjna 2-krotna do osprzętu podtynkowego, montaż poziomy i pionowy, kolor czarna.;100;123;23;PLN
RAM-2-SR;Ramka 2-krotna srabrne;Ramka instalacyjna 2-krotna do osprzętu podtynkowego, montaż poziomy i pionowy, kolor srabrne.;100;123;23;PLN
RAM-3-BI;Ramka 3-krotna biała;Ramka instalacyjna 3-krotna do osprzętu podtynkowego, montaż poziomy i pionowy, kolor biała.;100;123;23;PLN
RAM-3-CZ;Ramka 3-krotna czarna;Ramka instalacyjna 3-krotna do osprzętu podtynkowego, montaż poziomy i pionowy, kolor czarna.;100;123;23;PLN
RAM-3-SR;Ramka 3-krotna srabrne;Ramka instalacyjna 3-krotna do osprzętu podtynkowego, montaż poziomy i pionowy, kolor srabrne.;100;123;23;PLN
RAM-4-BI;Ramka 4-krotna biała;Ramka instalacyjna 4-krotna do osprzętu podtynkowego, montaż poziomy i pionowy, kolor biała.;100;123;23;PLN
RAM-4-CZ;Ramka 4-krotna czarna;Ramka instalacyjna 4-krotna do osprzętu podtynkowego, montaż poziomy i pionowy, kolor czarna.;100;123;23;PLN
RAM-4-SR;Ramka 4-krotna srabrne;Ramka instalacyjna 4-krotna do osprzętu podtynkowego, montaż poziomy i pionowy, kolor srabrne.;100;123;23;PLN
RAM-5-BI;Ramka 5-krotna biała;Ramka instalacyjna 5-krotna do osprzętu podtynkowego, montaż poziomy i pionowy, kolor biała.;100;123;23;PLN
RAM-5-CZ;Ramka 5-krotna czarna;Ramka instalacyjna 5-krotna do osprzętu podtynkowego, montaż poziomy i pionowy, kolor czarna.;100;123;23;PLN
RAM-5-SR;Ramka 5-krotna srabrne;Ramka instalacyjna 5-krotna do osprzętu podtynkowego, montaż poziomy i pionowy, kolor srabrne.;100;123;23;PLN
LED-DWN-9-3K;Oprawa downlight LED fi9cm 3000K;Oprawa sufitowa wpuszczana downlight LED, średnica 9 cm, barwa ciepła 3000K, do zabudowy w sufitach podwieszanych.;100;123;23;PLN
LED-DWN-9-4K;Oprawa downlight LED fi9cm 4000K;Oprawa sufitowa wpuszczana downlight LED, średnica 9 cm, barwa neutralna 4000K, do zabudowy w sufitach podwieszanych.;100;123;23;PLN
LED-DWN-12-3K;Oprawa downlight LED fi12cm 3000K;Oprawa sufitowa wpuszczana downlight LED, średnica 12 cm, barwa ciepła 3000K, do zabudowy w sufitach podwieszanych.;100;123;23;PLN
LED-DWN-12-4K;Oprawa downlight LED fi12cm 4000K;Oprawa sufitowa wpuszczana downlight LED, średnica 12 cm, barwa neutralna 4000K, do zabudowy w sufitach podwieszanych.;100;123;23;PLN
LED-DWN-17-3K;Oprawa downlight LED fi17cm 3000K;Oprawa sufitowa wpuszczana downlight LED, średnica 17 cm, barwa ciepła 3000K, do zabudowy w sufitach podwieszanych.;100;123;23;PLN
LED-DWN-17-4K;Oprawa downlight LED fi17cm 4000K;Oprawa sufitowa wpuszczana downlight LED, średnica 17 cm, barwa neutralna 4000K, do zabudowy w sufitach podwieszanych.;100;123;23;PLN
KAB-OMY-2X075;Przewód OMY 2x0,75 mm² 100m;Przewód mieszkaniowy okrągły OMY 2x0,75 mm², linka, izolacja PVC, 300/300V, do zasilania urządzeń ruchomych. Krążek 100 metrów.;100;123;23;PLN
KAB-OMY-2X1;Przewód OMY 2x1 mm² 100m;Przewód mieszkaniowy okrągły OMY 2x1 mm², linka, izolacja PVC, 300/300V, do zasilania urządzeń ruchomych. Krążek 100 metrów.;100;123;23;PLN
KAB-OMY-3X075;Przewód OMY 3x0,75 mm² 100m;Przewód mieszkaniowy okrągły OMY 3x0,75 mm², linka, izolacja PVC, 300/300V, do zasilania urządzeń ruchomych. Krążek 100 metrów.;100;123;23;PLN
KAB-OMY-3X1;Przewód OMY 3x1 mm² 100m;Przewód mieszkaniowy okrągły OMY 3x1 mm², linka, izolacja PVC, 300/300V, do zasilania urządzeń ruchomych. Krążek 100 metrów.;100;123;23;PLN
KAB-OMY-3X15;Przewód OMY 3x1,5 mm² 100m;Przewód mieszkaniowy okrągły OMY 3x1,5 mm², linka, izolacja PVC, 300/300V, do zasilania urządzeń ruchomych. Krążek 100 metrów.;100;123;23;PLN
KAB-OMY-3X25;Przewód OMY 3x2,5 mm² 100m;Przewód mieszkaniowy okrągły OMY 3x2,5 mm², linka, izolacja PVC, 300/300V, do zasilania urządzeń ruchomych. Krążek 100 metrów.;100;123;23;PLN
KAB-OWY-2X075;Przewód OWY 2x0,75 mm² 100m;Przewód mieszkaniowy warsztatowy okrągły OWY 2x0,75 mm², linka, izolacja PVC, 300/300V, do zasilania urządzeń ruchomych. Krążek 100 metrów.;100;123;23;PLN
KAB-OWY-2X1;Przewód OWY 2x1 mm² 100m;Przewód mieszkaniowy warsztatowy okrągły OWY 2x1 mm², linka, izolacja PVC, 300/300V, do zasilania urządzeń ruchomych. Krążek 100 metrów.;100;123;23;PLN
KAB-OWY-3X075;Przewód OWY 3x0,75 mm² 100m;Przewód mieszkaniowy warsztatowy okrągły OWY 3x0,75 mm², linka, izolacja PVC, 300/300V, do zasilania urządzeń ruchomych. Krążek 100 metrów.;100;123;23;PLN
KAB-OWY-3X1;Przewód OWY 3x1 mm² 100m;Przewód mieszkaniowy warsztatowy okrągły OWY 3x1 mm², linka, izolacja PVC, 300/300V, do zasilania urządzeń ruchomych. Krążek 100 metrów.;100;123;23;PLN
KAB-OWY-3X15;Przewód OWY 3x1,5 mm² 100m;Przewód mieszkaniowy warsztatowy okrągły OWY 3x1,5 mm², linka, izolacja PVC, 300/300V, do zasilania urządzeń ruchomych. Krążek 100 metrów.;100;123;23;PLN
KAB-OWY-3X25;Przewód OWY 3x2,5 mm² 100m;Przewód mieszkaniowy warsztatowy okrągły OWY 3x2,5 mm², linka, izolacja PVC, 300/300V, do zasilania urządzeń ruchomych. Krążek 100 metrów.;100;123;23;PLN
GNI-CEE-16-4P;Gniazdo siłowe CEE 16A 4P natynkowe;Gniazdo siłowe trójfazowe CEE 16A, 4-biegunowe (3P+PE), 400V, IP44, montaż natynkowy.;100;123;23;PLN
GNI-CEE-16-5P;Gniazdo siłowe CEE 16A 5P natynkowe;Gniazdo siłowe trójfazowe CEE 16A, 5-biegunowe (3P+N+PE), 400V, IP44, montaż natynkowy.;100;123;23;PLN
GNI-CEE-32-4P;Gniazdo siłowe CEE 32A 4P natynkowe;Gniazdo siłowe trójfazowe CEE 32A, 4-biegunowe (3P+PE), 400V, IP44, montaż natynkowy.;100;123;23;PLN
GNI-CEE-32-5P;Gniazdo siłowe CEE 32A 5P natynkowe;Gniazdo siłowe trójfazowe CEE 32A, 5-biegunowe (3P+N+PE), 400V, IP44, montaż natynkowy.;100;123;23;PLN
